# DB-3 mesh, refinement r4
# units: metres. r >= 0. Axisymmetric: dV = 2*pi*r dr dz.
# Local node ordering: corners counter-clockwise first, then
# mid-side nodes in edge order; edge e joins corner e and (e+1) mod nc.
NODES 3425
# id  r  z
0 0 0
1 0.00020833333333333335 0
2 0.00041666666666666669 0
3 0.00062500000000000001 0
4 0.00083333333333333339 0
5 0.0010416666666666667 0
6 0.00125 0
7 0.0014583333333333334 0
8 0.0016666666666666668 0
9 0.0018750000000000001 0
10 0.0020833333333333333 0
11 0.0022916666666666667 0
12 0.0025000000000000001 0
13 0.0027083333333333334 0
14 0.0029166666666666668 0
15 0.0031250000000000002 0
16 0.0033333333333333335 0
17 0.0035416666666666669 0
18 0.0037500000000000003 0
19 0.0039583333333333337 0
20 0.0041666666666666666 0
21 0.0043750000000000004 0
22 0.0045833333333333334 0
23 0.0047916666666666672 0
24 0.0050000000000000001 0
25 0 3.7500000000000003e-05
26 0.00020833333333333335 3.7500000000000003e-05
27 0.00041666666666666669 3.7500000000000003e-05
28 0.00062500000000000001 3.7500000000000003e-05
29 0.00083333333333333339 3.7500000000000003e-05
30 0.0010416666666666667 3.7500000000000003e-05
31 0.00125 3.7500000000000003e-05
32 0.0014583333333333334 3.7500000000000003e-05
33 0.0016666666666666668 3.7500000000000003e-05
34 0.0018750000000000001 3.7500000000000003e-05
35 0.0020833333333333333 3.7500000000000003e-05
36 0.0022916666666666667 3.7500000000000003e-05
37 0.0025000000000000001 3.7500000000000003e-05
38 0.0027083333333333334 3.7500000000000003e-05
39 0.0029166666666666668 3.7500000000000003e-05
40 0.0031250000000000002 3.7500000000000003e-05
41 0.0033333333333333335 3.7500000000000003e-05
42 0.0035416666666666669 3.7500000000000003e-05
43 0.0037500000000000003 3.7500000000000003e-05
44 0.0039583333333333337 3.7500000000000003e-05
45 0.0041666666666666666 3.7500000000000003e-05
46 0.0043750000000000004 3.7500000000000003e-05
47 0.0045833333333333334 3.7500000000000003e-05
48 0.0047916666666666672 3.7500000000000003e-05
49 0.0050000000000000001 3.7500000000000003e-05
50 0 7.5000000000000007e-05
51 0.00020833333333333335 7.5000000000000007e-05
52 0.00041666666666666669 7.5000000000000007e-05
53 0.00062500000000000001 7.5000000000000007e-05
54 0.00083333333333333339 7.5000000000000007e-05
55 0.0010416666666666667 7.5000000000000007e-05
56 0.00125 7.5000000000000007e-05
57 0.0014583333333333334 7.5000000000000007e-05
58 0.0016666666666666668 7.5000000000000007e-05
59 0.0018750000000000001 7.5000000000000007e-05
60 0.0020833333333333333 7.5000000000000007e-05
61 0.0022916666666666667 7.5000000000000007e-05
62 0.0025000000000000001 7.5000000000000007e-05
63 0.0027083333333333334 7.5000000000000007e-05
64 0.0029166666666666668 7.5000000000000007e-05
65 0.0031250000000000002 7.5000000000000007e-05
66 0.0033333333333333335 7.5000000000000007e-05
67 0.0035416666666666669 7.5000000000000007e-05
68 0.0037500000000000003 7.5000000000000007e-05
69 0.0039583333333333337 7.5000000000000007e-05
70 0.0041666666666666666 7.5000000000000007e-05
71 0.0043750000000000004 7.5000000000000007e-05
72 0.0045833333333333334 7.5000000000000007e-05
73 0.0047916666666666672 7.5000000000000007e-05
74 0.0050000000000000001 7.5000000000000007e-05
75 0 0.00011250000000000001
76 0.00020833333333333335 0.00011250000000000001
77 0.00041666666666666669 0.00011250000000000001
78 0.00062500000000000001 0.00011250000000000001
79 0.00083333333333333339 0.00011250000000000001
80 0.0010416666666666667 0.00011250000000000001
81 0.00125 0.00011250000000000001
82 0.0014583333333333334 0.00011250000000000001
83 0.0016666666666666668 0.00011250000000000001
84 0.0018750000000000001 0.00011250000000000001
85 0.0020833333333333333 0.00011250000000000001
86 0.0022916666666666667 0.00011250000000000001
87 0.0025000000000000001 0.00011250000000000001
88 0.0027083333333333334 0.00011250000000000001
89 0.0029166666666666668 0.00011250000000000001
90 0.0031250000000000002 0.00011250000000000001
91 0.0033333333333333335 0.00011250000000000001
92 0.0035416666666666669 0.00011250000000000001
93 0.0037500000000000003 0.00011250000000000001
94 0.0039583333333333337 0.00011250000000000001
95 0.0041666666666666666 0.00011250000000000001
96 0.0043750000000000004 0.00011250000000000001
97 0.0045833333333333334 0.00011250000000000001
98 0.0047916666666666672 0.00011250000000000001
99 0.0050000000000000001 0.00011250000000000001
100 0 0.00015000000000000001
101 0.00020833333333333335 0.00015000000000000001
102 0.00041666666666666669 0.00015000000000000001
103 0.00062500000000000001 0.00015000000000000001
104 0.00083333333333333339 0.00015000000000000001
105 0.0010416666666666667 0.00015000000000000001
106 0.00125 0.00015000000000000001
107 0.0014583333333333334 0.00015000000000000001
108 0.0016666666666666668 0.00015000000000000001
109 0.0018750000000000001 0.00015000000000000001
110 0.0020833333333333333 0.00015000000000000001
111 0.0022916666666666667 0.00015000000000000001
112 0.0025000000000000001 0.00015000000000000001
113 0.0027083333333333334 0.00015000000000000001
114 0.0029166666666666668 0.00015000000000000001
115 0.0031250000000000002 0.00015000000000000001
116 0.0033333333333333335 0.00015000000000000001
117 0.0035416666666666669 0.00015000000000000001
118 0.0037500000000000003 0.00015000000000000001
119 0.0039583333333333337 0.00015000000000000001
120 0.0041666666666666666 0.00015000000000000001
121 0.0043750000000000004 0.00015000000000000001
122 0.0045833333333333334 0.00015000000000000001
123 0.0047916666666666672 0.00015000000000000001
124 0.0050000000000000001 0.00015000000000000001
125 0 0.0001875
126 0.00020833333333333335 0.0001875
127 0.00041666666666666669 0.0001875
128 0.00062500000000000001 0.0001875
129 0.00083333333333333339 0.0001875
130 0.0010416666666666667 0.0001875
131 0.00125 0.0001875
132 0.0014583333333333334 0.0001875
133 0.0016666666666666668 0.0001875
134 0.0018750000000000001 0.0001875
135 0.0020833333333333333 0.0001875
136 0.0022916666666666667 0.0001875
137 0.0025000000000000001 0.0001875
138 0.0027083333333333334 0.0001875
139 0.0029166666666666668 0.0001875
140 0.0031250000000000002 0.0001875
141 0.0033333333333333335 0.0001875
142 0.0035416666666666669 0.0001875
143 0.0037500000000000003 0.0001875
144 0.0039583333333333337 0.0001875
145 0.0041666666666666666 0.0001875
146 0.0043750000000000004 0.0001875
147 0.0045833333333333334 0.0001875
148 0.0047916666666666672 0.0001875
149 0.0050000000000000001 0.0001875
150 0 0.00022500000000000002
151 0.00020833333333333335 0.00022500000000000002
152 0.00041666666666666669 0.00022500000000000002
153 0.00062500000000000001 0.00022500000000000002
154 0.00083333333333333339 0.00022500000000000002
155 0.0010416666666666667 0.00022500000000000002
156 0.00125 0.00022500000000000002
157 0.0014583333333333334 0.00022500000000000002
158 0.0016666666666666668 0.00022500000000000002
159 0.0018750000000000001 0.00022500000000000002
160 0.0020833333333333333 0.00022500000000000002
161 0.0022916666666666667 0.00022500000000000002
162 0.0025000000000000001 0.00022500000000000002
163 0.0027083333333333334 0.00022500000000000002
164 0.0029166666666666668 0.00022500000000000002
165 0.0031250000000000002 0.00022500000000000002
166 0.0033333333333333335 0.00022500000000000002
167 0.0035416666666666669 0.00022500000000000002
168 0.0037500000000000003 0.00022500000000000002
169 0.0039583333333333337 0.00022500000000000002
170 0.0041666666666666666 0.00022500000000000002
171 0.0043750000000000004 0.00022500000000000002
172 0.0045833333333333334 0.00022500000000000002
173 0.0047916666666666672 0.00022500000000000002
174 0.0050000000000000001 0.00022500000000000002
175 0 0.00026250000000000004
176 0.00020833333333333335 0.00026250000000000004
177 0.00041666666666666669 0.00026250000000000004
178 0.00062500000000000001 0.00026250000000000004
179 0.00083333333333333339 0.00026250000000000004
180 0.0010416666666666667 0.00026250000000000004
181 0.00125 0.00026250000000000004
182 0.0014583333333333334 0.00026250000000000004
183 0.0016666666666666668 0.00026250000000000004
184 0.0018750000000000001 0.00026250000000000004
185 0.0020833333333333333 0.00026250000000000004
186 0.0022916666666666667 0.00026250000000000004
187 0.0025000000000000001 0.00026250000000000004
188 0.0027083333333333334 0.00026250000000000004
189 0.0029166666666666668 0.00026250000000000004
190 0.0031250000000000002 0.00026250000000000004
191 0.0033333333333333335 0.00026250000000000004
192 0.0035416666666666669 0.00026250000000000004
193 0.0037500000000000003 0.00026250000000000004
194 0.0039583333333333337 0.00026250000000000004
195 0.0041666666666666666 0.00026250000000000004
196 0.0043750000000000004 0.00026250000000000004
197 0.0045833333333333334 0.00026250000000000004
198 0.0047916666666666672 0.00026250000000000004
199 0.0050000000000000001 0.00026250000000000004
200 0 0.00030000000000000003
201 0.00020833333333333335 0.00030000000000000003
202 0.00041666666666666669 0.00030000000000000003
203 0.00062500000000000001 0.00030000000000000003
204 0.00083333333333333339 0.00030000000000000003
205 0.0010416666666666667 0.00030000000000000003
206 0.00125 0.00030000000000000003
207 0.0014583333333333334 0.00030000000000000003
208 0.0016666666666666668 0.00030000000000000003
209 0.0018750000000000001 0.00030000000000000003
210 0.0020833333333333333 0.00030000000000000003
211 0.0022916666666666667 0.00030000000000000003
212 0.0025000000000000001 0.00030000000000000003
213 0.0027083333333333334 0.00030000000000000003
214 0.0029166666666666668 0.00030000000000000003
215 0.0031250000000000002 0.00030000000000000003
216 0.0033333333333333335 0.00030000000000000003
217 0.0035416666666666669 0.00030000000000000003
218 0.0037500000000000003 0.00030000000000000003
219 0.0039583333333333337 0.00030000000000000003
220 0.0041666666666666666 0.00030000000000000003
221 0.0043750000000000004 0.00030000000000000003
222 0.0045833333333333334 0.00030000000000000003
223 0.0047916666666666672 0.00030000000000000003
224 0.0050000000000000001 0.00030000000000000003
225 0 0.00033750000000000002
226 0.00020833333333333335 0.00033750000000000002
227 0.00041666666666666669 0.00033750000000000002
228 0.00062500000000000001 0.00033750000000000002
229 0.00083333333333333339 0.00033750000000000002
230 0.0010416666666666667 0.00033750000000000002
231 0.00125 0.00033750000000000002
232 0.0014583333333333334 0.00033750000000000002
233 0.0016666666666666668 0.00033750000000000002
234 0.0018750000000000001 0.00033750000000000002
235 0.0020833333333333333 0.00033750000000000002
236 0.0022916666666666667 0.00033750000000000002
237 0.0025000000000000001 0.00033750000000000002
238 0.0027083333333333334 0.00033750000000000002
239 0.0029166666666666668 0.00033750000000000002
240 0.0031250000000000002 0.00033750000000000002
241 0.0033333333333333335 0.00033750000000000002
242 0.0035416666666666669 0.00033750000000000002
243 0.0037500000000000003 0.00033750000000000002
244 0.0039583333333333337 0.00033750000000000002
245 0.0041666666666666666 0.00033750000000000002
246 0.0043750000000000004 0.00033750000000000002
247 0.0045833333333333334 0.00033750000000000002
248 0.0047916666666666672 0.00033750000000000002
249 0.0050000000000000001 0.00033750000000000002
250 0 0.00037500000000000001
251 0.00020833333333333335 0.00037500000000000001
252 0.00041666666666666669 0.00037500000000000001
253 0.00062500000000000001 0.00037500000000000001
254 0.00083333333333333339 0.00037500000000000001
255 0.0010416666666666667 0.00037500000000000001
256 0.00125 0.00037500000000000001
257 0.0014583333333333334 0.00037500000000000001
258 0.0016666666666666668 0.00037500000000000001
259 0.0018750000000000001 0.00037500000000000001
260 0.0020833333333333333 0.00037500000000000001
261 0.0022916666666666667 0.00037500000000000001
262 0.0025000000000000001 0.00037500000000000001
263 0.0027083333333333334 0.00037500000000000001
264 0.0029166666666666668 0.00037500000000000001
265 0.0031250000000000002 0.00037500000000000001
266 0.0033333333333333335 0.00037500000000000001
267 0.0035416666666666669 0.00037500000000000001
268 0.0037500000000000003 0.00037500000000000001
269 0.0039583333333333337 0.00037500000000000001
270 0.0041666666666666666 0.00037500000000000001
271 0.0043750000000000004 0.00037500000000000001
272 0.0045833333333333334 0.00037500000000000001
273 0.0047916666666666672 0.00037500000000000001
274 0.0050000000000000001 0.00037500000000000001
275 0 0.00041250000000000005
276 0.00020833333333333335 0.00041250000000000005
277 0.00041666666666666669 0.00041250000000000005
278 0.00062500000000000001 0.00041250000000000005
279 0.00083333333333333339 0.00041250000000000005
280 0.0010416666666666667 0.00041250000000000005
281 0.00125 0.00041250000000000005
282 0.0014583333333333334 0.00041250000000000005
283 0.0016666666666666668 0.00041250000000000005
284 0.0018750000000000001 0.00041250000000000005
285 0.0020833333333333333 0.00041250000000000005
286 0.0022916666666666667 0.00041250000000000005
287 0.0025000000000000001 0.00041250000000000005
288 0.0027083333333333334 0.00041250000000000005
289 0.0029166666666666668 0.00041250000000000005
290 0.0031250000000000002 0.00041250000000000005
291 0.0033333333333333335 0.00041250000000000005
292 0.0035416666666666669 0.00041250000000000005
293 0.0037500000000000003 0.00041250000000000005
294 0.0039583333333333337 0.00041250000000000005
295 0.0041666666666666666 0.00041250000000000005
296 0.0043750000000000004 0.00041250000000000005
297 0.0045833333333333334 0.00041250000000000005
298 0.0047916666666666672 0.00041250000000000005
299 0.0050000000000000001 0.00041250000000000005
300 0 0.00045000000000000004
301 0.00020833333333333335 0.00045000000000000004
302 0.00041666666666666669 0.00045000000000000004
303 0.00062500000000000001 0.00045000000000000004
304 0.00083333333333333339 0.00045000000000000004
305 0.0010416666666666667 0.00045000000000000004
306 0.00125 0.00045000000000000004
307 0.0014583333333333334 0.00045000000000000004
308 0.0016666666666666668 0.00045000000000000004
309 0.0018750000000000001 0.00045000000000000004
310 0.0020833333333333333 0.00045000000000000004
311 0.0022916666666666667 0.00045000000000000004
312 0.0025000000000000001 0.00045000000000000004
313 0.0027083333333333334 0.00045000000000000004
314 0.0029166666666666668 0.00045000000000000004
315 0.0031250000000000002 0.00045000000000000004
316 0.0033333333333333335 0.00045000000000000004
317 0.0035416666666666669 0.00045000000000000004
318 0.0037500000000000003 0.00045000000000000004
319 0.0039583333333333337 0.00045000000000000004
320 0.0041666666666666666 0.00045000000000000004
321 0.0043750000000000004 0.00045000000000000004
322 0.0045833333333333334 0.00045000000000000004
323 0.0047916666666666672 0.00045000000000000004
324 0.0050000000000000001 0.00045000000000000004
325 0 0.00048750000000000003
326 0.00020833333333333335 0.00048750000000000003
327 0.00041666666666666669 0.00048750000000000003
328 0.00062500000000000001 0.00048750000000000003
329 0.00083333333333333339 0.00048750000000000003
330 0.0010416666666666667 0.00048750000000000003
331 0.00125 0.00048750000000000003
332 0.0014583333333333334 0.00048750000000000003
333 0.0016666666666666668 0.00048750000000000003
334 0.0018750000000000001 0.00048750000000000003
335 0.0020833333333333333 0.00048750000000000003
336 0.0022916666666666667 0.00048750000000000003
337 0.0025000000000000001 0.00048750000000000003
338 0.0027083333333333334 0.00048750000000000003
339 0.0029166666666666668 0.00048750000000000003
340 0.0031250000000000002 0.00048750000000000003
341 0.0033333333333333335 0.00048750000000000003
342 0.0035416666666666669 0.00048750000000000003
343 0.0037500000000000003 0.00048750000000000003
344 0.0039583333333333337 0.00048750000000000003
345 0.0041666666666666666 0.00048750000000000003
346 0.0043750000000000004 0.00048750000000000003
347 0.0045833333333333334 0.00048750000000000003
348 0.0047916666666666672 0.00048750000000000003
349 0.0050000000000000001 0.00048750000000000003
350 0 0.00052500000000000008
351 0.00020833333333333335 0.00052500000000000008
352 0.00041666666666666669 0.00052500000000000008
353 0.00062500000000000001 0.00052500000000000008
354 0.00083333333333333339 0.00052500000000000008
355 0.0010416666666666667 0.00052500000000000008
356 0.00125 0.00052500000000000008
357 0.0014583333333333334 0.00052500000000000008
358 0.0016666666666666668 0.00052500000000000008
359 0.0018750000000000001 0.00052500000000000008
360 0.0020833333333333333 0.00052500000000000008
361 0.0022916666666666667 0.00052500000000000008
362 0.0025000000000000001 0.00052500000000000008
363 0.0027083333333333334 0.00052500000000000008
364 0.0029166666666666668 0.00052500000000000008
365 0.0031250000000000002 0.00052500000000000008
366 0.0033333333333333335 0.00052500000000000008
367 0.0035416666666666669 0.00052500000000000008
368 0.0037500000000000003 0.00052500000000000008
369 0.0039583333333333337 0.00052500000000000008
370 0.0041666666666666666 0.00052500000000000008
371 0.0043750000000000004 0.00052500000000000008
372 0.0045833333333333334 0.00052500000000000008
373 0.0047916666666666672 0.00052500000000000008
374 0.0050000000000000001 0.00052500000000000008
375 0 0.00056250000000000007
376 0.00020833333333333335 0.00056250000000000007
377 0.00041666666666666669 0.00056250000000000007
378 0.00062500000000000001 0.00056250000000000007
379 0.00083333333333333339 0.00056250000000000007
380 0.0010416666666666667 0.00056250000000000007
381 0.00125 0.00056250000000000007
382 0.0014583333333333334 0.00056250000000000007
383 0.0016666666666666668 0.00056250000000000007
384 0.0018750000000000001 0.00056250000000000007
385 0.0020833333333333333 0.00056250000000000007
386 0.0022916666666666667 0.00056250000000000007
387 0.0025000000000000001 0.00056250000000000007
388 0.0027083333333333334 0.00056250000000000007
389 0.0029166666666666668 0.00056250000000000007
390 0.0031250000000000002 0.00056250000000000007
391 0.0033333333333333335 0.00056250000000000007
392 0.0035416666666666669 0.00056250000000000007
393 0.0037500000000000003 0.00056250000000000007
394 0.0039583333333333337 0.00056250000000000007
395 0.0041666666666666666 0.00056250000000000007
396 0.0043750000000000004 0.00056250000000000007
397 0.0045833333333333334 0.00056250000000000007
398 0.0047916666666666672 0.00056250000000000007
399 0.0050000000000000001 0.00056250000000000007
400 0 0.00060000000000000006
401 0.00020833333333333335 0.00060000000000000006
402 0.00041666666666666669 0.00060000000000000006
403 0.00062500000000000001 0.00060000000000000006
404 0.00083333333333333339 0.00060000000000000006
405 0.0010416666666666667 0.00060000000000000006
406 0.00125 0.00060000000000000006
407 0.0014583333333333334 0.00060000000000000006
408 0.0016666666666666668 0.00060000000000000006
409 0.0018750000000000001 0.00060000000000000006
410 0.0020833333333333333 0.00060000000000000006
411 0.0022916666666666667 0.00060000000000000006
412 0.0025000000000000001 0.00060000000000000006
413 0.0027083333333333334 0.00060000000000000006
414 0.0029166666666666668 0.00060000000000000006
415 0.0031250000000000002 0.00060000000000000006
416 0.0033333333333333335 0.00060000000000000006
417 0.0035416666666666669 0.00060000000000000006
418 0.0037500000000000003 0.00060000000000000006
419 0.0039583333333333337 0.00060000000000000006
420 0.0041666666666666666 0.00060000000000000006
421 0.0043750000000000004 0.00060000000000000006
422 0.0045833333333333334 0.00060000000000000006
423 0.0047916666666666672 0.00060000000000000006
424 0.0050000000000000001 0.00060000000000000006
425 0 0.00063750000000000005
426 0.00020833333333333335 0.00063750000000000005
427 0.00041666666666666669 0.00063750000000000005
428 0.00062500000000000001 0.00063750000000000005
429 0.00083333333333333339 0.00063750000000000005
430 0.0010416666666666667 0.00063750000000000005
431 0.00125 0.00063750000000000005
432 0.0014583333333333334 0.00063750000000000005
433 0.0016666666666666668 0.00063750000000000005
434 0.0018750000000000001 0.00063750000000000005
435 0.0020833333333333333 0.00063750000000000005
436 0.0022916666666666667 0.00063750000000000005
437 0.0025000000000000001 0.00063750000000000005
438 0.0027083333333333334 0.00063750000000000005
439 0.0029166666666666668 0.00063750000000000005
440 0.0031250000000000002 0.00063750000000000005
441 0.0033333333333333335 0.00063750000000000005
442 0.0035416666666666669 0.00063750000000000005
443 0.0037500000000000003 0.00063750000000000005
444 0.0039583333333333337 0.00063750000000000005
445 0.0041666666666666666 0.00063750000000000005
446 0.0043750000000000004 0.00063750000000000005
447 0.0045833333333333334 0.00063750000000000005
448 0.0047916666666666672 0.00063750000000000005
449 0.0050000000000000001 0.00063750000000000005
450 0 0.00067500000000000004
451 0.00020833333333333335 0.00067500000000000004
452 0.00041666666666666669 0.00067500000000000004
453 0.00062500000000000001 0.00067500000000000004
454 0.00083333333333333339 0.00067500000000000004
455 0.0010416666666666667 0.00067500000000000004
456 0.00125 0.00067500000000000004
457 0.0014583333333333334 0.00067500000000000004
458 0.0016666666666666668 0.00067500000000000004
459 0.0018750000000000001 0.00067500000000000004
460 0.0020833333333333333 0.00067500000000000004
461 0.0022916666666666667 0.00067500000000000004
462 0.0025000000000000001 0.00067500000000000004
463 0.0027083333333333334 0.00067500000000000004
464 0.0029166666666666668 0.00067500000000000004
465 0.0031250000000000002 0.00067500000000000004
466 0.0033333333333333335 0.00067500000000000004
467 0.0035416666666666669 0.00067500000000000004
468 0.0037500000000000003 0.00067500000000000004
469 0.0039583333333333337 0.00067500000000000004
470 0.0041666666666666666 0.00067500000000000004
471 0.0043750000000000004 0.00067500000000000004
472 0.0045833333333333334 0.00067500000000000004
473 0.0047916666666666672 0.00067500000000000004
474 0.0050000000000000001 0.00067500000000000004
475 0 0.00071250000000000003
476 0.00020833333333333335 0.00071250000000000003
477 0.00041666666666666669 0.00071250000000000003
478 0.00062500000000000001 0.00071250000000000003
479 0.00083333333333333339 0.00071250000000000003
480 0.0010416666666666667 0.00071250000000000003
481 0.00125 0.00071250000000000003
482 0.0014583333333333334 0.00071250000000000003
483 0.0016666666666666668 0.00071250000000000003
484 0.0018750000000000001 0.00071250000000000003
485 0.0020833333333333333 0.00071250000000000003
486 0.0022916666666666667 0.00071250000000000003
487 0.0025000000000000001 0.00071250000000000003
488 0.0027083333333333334 0.00071250000000000003
489 0.0029166666666666668 0.00071250000000000003
490 0.0031250000000000002 0.00071250000000000003
491 0.0033333333333333335 0.00071250000000000003
492 0.0035416666666666669 0.00071250000000000003
493 0.0037500000000000003 0.00071250000000000003
494 0.0039583333333333337 0.00071250000000000003
495 0.0041666666666666666 0.00071250000000000003
496 0.0043750000000000004 0.00071250000000000003
497 0.0045833333333333334 0.00071250000000000003
498 0.0047916666666666672 0.00071250000000000003
499 0.0050000000000000001 0.00071250000000000003
500 0 0.00075000000000000002
501 0.00020833333333333335 0.00075000000000000002
502 0.00041666666666666669 0.00075000000000000002
503 0.00062500000000000001 0.00075000000000000002
504 0.00083333333333333339 0.00075000000000000002
505 0.0010416666666666667 0.00075000000000000002
506 0.00125 0.00075000000000000002
507 0.0014583333333333334 0.00075000000000000002
508 0.0016666666666666668 0.00075000000000000002
509 0.0018750000000000001 0.00075000000000000002
510 0.0020833333333333333 0.00075000000000000002
511 0.0022916666666666667 0.00075000000000000002
512 0.0025000000000000001 0.00075000000000000002
513 0.0027083333333333334 0.00075000000000000002
514 0.0029166666666666668 0.00075000000000000002
515 0.0031250000000000002 0.00075000000000000002
516 0.0033333333333333335 0.00075000000000000002
517 0.0035416666666666669 0.00075000000000000002
518 0.0037500000000000003 0.00075000000000000002
519 0.0039583333333333337 0.00075000000000000002
520 0.0041666666666666666 0.00075000000000000002
521 0.0043750000000000004 0.00075000000000000002
522 0.0045833333333333334 0.00075000000000000002
523 0.0047916666666666672 0.00075000000000000002
524 0.0050000000000000001 0.00075000000000000002
525 0 0.00078750000000000011
526 0.00020833333333333335 0.00078750000000000011
527 0.00041666666666666669 0.00078750000000000011
528 0.00062500000000000001 0.00078750000000000011
529 0.00083333333333333339 0.00078750000000000011
530 0.0010416666666666667 0.00078750000000000011
531 0.00125 0.00078750000000000011
532 0.0014583333333333334 0.00078750000000000011
533 0.0016666666666666668 0.00078750000000000011
534 0.0018750000000000001 0.00078750000000000011
535 0.0020833333333333333 0.00078750000000000011
536 0.0022916666666666667 0.00078750000000000011
537 0.0025000000000000001 0.00078750000000000011
538 0.0027083333333333334 0.00078750000000000011
539 0.0029166666666666668 0.00078750000000000011
540 0.0031250000000000002 0.00078750000000000011
541 0.0033333333333333335 0.00078750000000000011
542 0.0035416666666666669 0.00078750000000000011
543 0.0037500000000000003 0.00078750000000000011
544 0.0039583333333333337 0.00078750000000000011
545 0.0041666666666666666 0.00078750000000000011
546 0.0043750000000000004 0.00078750000000000011
547 0.0045833333333333334 0.00078750000000000011
548 0.0047916666666666672 0.00078750000000000011
549 0.0050000000000000001 0.00078750000000000011
550 0 0.0008250000000000001
551 0.00020833333333333335 0.0008250000000000001
552 0.00041666666666666669 0.0008250000000000001
553 0.00062500000000000001 0.0008250000000000001
554 0.00083333333333333339 0.0008250000000000001
555 0.0010416666666666667 0.0008250000000000001
556 0.00125 0.0008250000000000001
557 0.0014583333333333334 0.0008250000000000001
558 0.0016666666666666668 0.0008250000000000001
559 0.0018750000000000001 0.0008250000000000001
560 0.0020833333333333333 0.0008250000000000001
561 0.0022916666666666667 0.0008250000000000001
562 0.0025000000000000001 0.0008250000000000001
563 0.0027083333333333334 0.0008250000000000001
564 0.0029166666666666668 0.0008250000000000001
565 0.0031250000000000002 0.0008250000000000001
566 0.0033333333333333335 0.0008250000000000001
567 0.0035416666666666669 0.0008250000000000001
568 0.0037500000000000003 0.0008250000000000001
569 0.0039583333333333337 0.0008250000000000001
570 0.0041666666666666666 0.0008250000000000001
571 0.0043750000000000004 0.0008250000000000001
572 0.0045833333333333334 0.0008250000000000001
573 0.0047916666666666672 0.0008250000000000001
574 0.0050000000000000001 0.0008250000000000001
575 0 0.00086250000000000009
576 0.00020833333333333335 0.00086250000000000009
577 0.00041666666666666669 0.00086250000000000009
578 0.00062500000000000001 0.00086250000000000009
579 0.00083333333333333339 0.00086250000000000009
580 0.0010416666666666667 0.00086250000000000009
581 0.00125 0.00086250000000000009
582 0.0014583333333333334 0.00086250000000000009
583 0.0016666666666666668 0.00086250000000000009
584 0.0018750000000000001 0.00086250000000000009
585 0.0020833333333333333 0.00086250000000000009
586 0.0022916666666666667 0.00086250000000000009
587 0.0025000000000000001 0.00086250000000000009
588 0.0027083333333333334 0.00086250000000000009
589 0.0029166666666666668 0.00086250000000000009
590 0.0031250000000000002 0.00086250000000000009
591 0.0033333333333333335 0.00086250000000000009
592 0.0035416666666666669 0.00086250000000000009
593 0.0037500000000000003 0.00086250000000000009
594 0.0039583333333333337 0.00086250000000000009
595 0.0041666666666666666 0.00086250000000000009
596 0.0043750000000000004 0.00086250000000000009
597 0.0045833333333333334 0.00086250000000000009
598 0.0047916666666666672 0.00086250000000000009
599 0.0050000000000000001 0.00086250000000000009
600 0 0.00090000000000000008
601 0.00020833333333333335 0.00090000000000000008
602 0.00041666666666666669 0.00090000000000000008
603 0.00062500000000000001 0.00090000000000000008
604 0.00083333333333333339 0.00090000000000000008
605 0.0010416666666666667 0.00090000000000000008
606 0.00125 0.00090000000000000008
607 0.0014583333333333334 0.00090000000000000008
608 0.0016666666666666668 0.00090000000000000008
609 0.0018750000000000001 0.00090000000000000008
610 0.0020833333333333333 0.00090000000000000008
611 0.0022916666666666667 0.00090000000000000008
612 0.0025000000000000001 0.00090000000000000008
613 0.0027083333333333334 0.00090000000000000008
614 0.0029166666666666668 0.00090000000000000008
615 0.0031250000000000002 0.00090000000000000008
616 0.0033333333333333335 0.00090000000000000008
617 0.0035416666666666669 0.00090000000000000008
618 0.0037500000000000003 0.00090000000000000008
619 0.0039583333333333337 0.00090000000000000008
620 0.0041666666666666666 0.00090000000000000008
621 0.0043750000000000004 0.00090000000000000008
622 0.0045833333333333334 0.00090000000000000008
623 0.0047916666666666672 0.00090000000000000008
624 0.0050000000000000001 0.00090000000000000008
625 0 0.00093750000000000007
626 0.00020833333333333335 0.00093750000000000007
627 0.00041666666666666669 0.00093750000000000007
628 0.00062500000000000001 0.00093750000000000007
629 0.00083333333333333339 0.00093750000000000007
630 0.0010416666666666667 0.00093750000000000007
631 0.00125 0.00093750000000000007
632 0.0014583333333333334 0.00093750000000000007
633 0.0016666666666666668 0.00093750000000000007
634 0.0018750000000000001 0.00093750000000000007
635 0.0020833333333333333 0.00093750000000000007
636 0.0022916666666666667 0.00093750000000000007
637 0.0025000000000000001 0.00093750000000000007
638 0.0027083333333333334 0.00093750000000000007
639 0.0029166666666666668 0.00093750000000000007
640 0.0031250000000000002 0.00093750000000000007
641 0.0033333333333333335 0.00093750000000000007
642 0.0035416666666666669 0.00093750000000000007
643 0.0037500000000000003 0.00093750000000000007
644 0.0039583333333333337 0.00093750000000000007
645 0.0041666666666666666 0.00093750000000000007
646 0.0043750000000000004 0.00093750000000000007
647 0.0045833333333333334 0.00093750000000000007
648 0.0047916666666666672 0.00093750000000000007
649 0.0050000000000000001 0.00093750000000000007
650 0 0.00097500000000000006
651 0.00020833333333333335 0.00097500000000000006
652 0.00041666666666666669 0.00097500000000000006
653 0.00062500000000000001 0.00097500000000000006
654 0.00083333333333333339 0.00097500000000000006
655 0.0010416666666666667 0.00097500000000000006
656 0.00125 0.00097500000000000006
657 0.0014583333333333334 0.00097500000000000006
658 0.0016666666666666668 0.00097500000000000006
659 0.0018750000000000001 0.00097500000000000006
660 0.0020833333333333333 0.00097500000000000006
661 0.0022916666666666667 0.00097500000000000006
662 0.0025000000000000001 0.00097500000000000006
663 0.0027083333333333334 0.00097500000000000006
664 0.0029166666666666668 0.00097500000000000006
665 0.0031250000000000002 0.00097500000000000006
666 0.0033333333333333335 0.00097500000000000006
667 0.0035416666666666669 0.00097500000000000006
668 0.0037500000000000003 0.00097500000000000006
669 0.0039583333333333337 0.00097500000000000006
670 0.0041666666666666666 0.00097500000000000006
671 0.0043750000000000004 0.00097500000000000006
672 0.0045833333333333334 0.00097500000000000006
673 0.0047916666666666672 0.00097500000000000006
674 0.0050000000000000001 0.00097500000000000006
675 0 0.0010125000000000002
676 0.00020833333333333335 0.0010125000000000002
677 0.00041666666666666669 0.0010125000000000002
678 0.00062500000000000001 0.0010125000000000002
679 0.00083333333333333339 0.0010125000000000002
680 0.0010416666666666667 0.0010125000000000002
681 0.00125 0.0010125000000000002
682 0.0014583333333333334 0.0010125000000000002
683 0.0016666666666666668 0.0010125000000000002
684 0.0018750000000000001 0.0010125000000000002
685 0.0020833333333333333 0.0010125000000000002
686 0.0022916666666666667 0.0010125000000000002
687 0.0025000000000000001 0.0010125000000000002
688 0.0027083333333333334 0.0010125000000000002
689 0.0029166666666666668 0.0010125000000000002
690 0.0031250000000000002 0.0010125000000000002
691 0.0033333333333333335 0.0010125000000000002
692 0.0035416666666666669 0.0010125000000000002
693 0.0037500000000000003 0.0010125000000000002
694 0.0039583333333333337 0.0010125000000000002
695 0.0041666666666666666 0.0010125000000000002
696 0.0043750000000000004 0.0010125000000000002
697 0.0045833333333333334 0.0010125000000000002
698 0.0047916666666666672 0.0010125000000000002
699 0.0050000000000000001 0.0010125000000000002
700 0 0.0010500000000000002
701 0.00020833333333333335 0.0010500000000000002
702 0.00041666666666666669 0.0010500000000000002
703 0.00062500000000000001 0.0010500000000000002
704 0.00083333333333333339 0.0010500000000000002
705 0.0010416666666666667 0.0010500000000000002
706 0.00125 0.0010500000000000002
707 0.0014583333333333334 0.0010500000000000002
708 0.0016666666666666668 0.0010500000000000002
709 0.0018750000000000001 0.0010500000000000002
710 0.0020833333333333333 0.0010500000000000002
711 0.0022916666666666667 0.0010500000000000002
712 0.0025000000000000001 0.0010500000000000002
713 0.0027083333333333334 0.0010500000000000002
714 0.0029166666666666668 0.0010500000000000002
715 0.0031250000000000002 0.0010500000000000002
716 0.0033333333333333335 0.0010500000000000002
717 0.0035416666666666669 0.0010500000000000002
718 0.0037500000000000003 0.0010500000000000002
719 0.0039583333333333337 0.0010500000000000002
720 0.0041666666666666666 0.0010500000000000002
721 0.0043750000000000004 0.0010500000000000002
722 0.0045833333333333334 0.0010500000000000002
723 0.0047916666666666672 0.0010500000000000002
724 0.0050000000000000001 0.0010500000000000002
725 0 0.0010875000000000001
726 0.00020833333333333335 0.0010875000000000001
727 0.00041666666666666669 0.0010875000000000001
728 0.00062500000000000001 0.0010875000000000001
729 0.00083333333333333339 0.0010875000000000001
730 0.0010416666666666667 0.0010875000000000001
731 0.00125 0.0010875000000000001
732 0.0014583333333333334 0.0010875000000000001
733 0.0016666666666666668 0.0010875000000000001
734 0.0018750000000000001 0.0010875000000000001
735 0.0020833333333333333 0.0010875000000000001
736 0.0022916666666666667 0.0010875000000000001
737 0.0025000000000000001 0.0010875000000000001
738 0.0027083333333333334 0.0010875000000000001
739 0.0029166666666666668 0.0010875000000000001
740 0.0031250000000000002 0.0010875000000000001
741 0.0033333333333333335 0.0010875000000000001
742 0.0035416666666666669 0.0010875000000000001
743 0.0037500000000000003 0.0010875000000000001
744 0.0039583333333333337 0.0010875000000000001
745 0.0041666666666666666 0.0010875000000000001
746 0.0043750000000000004 0.0010875000000000001
747 0.0045833333333333334 0.0010875000000000001
748 0.0047916666666666672 0.0010875000000000001
749 0.0050000000000000001 0.0010875000000000001
750 0 0.0011250000000000001
751 0.00020833333333333335 0.0011250000000000001
752 0.00041666666666666669 0.0011250000000000001
753 0.00062500000000000001 0.0011250000000000001
754 0.00083333333333333339 0.0011250000000000001
755 0.0010416666666666667 0.0011250000000000001
756 0.00125 0.0011250000000000001
757 0.0014583333333333334 0.0011250000000000001
758 0.0016666666666666668 0.0011250000000000001
759 0.0018750000000000001 0.0011250000000000001
760 0.0020833333333333333 0.0011250000000000001
761 0.0022916666666666667 0.0011250000000000001
762 0.0025000000000000001 0.0011250000000000001
763 0.0027083333333333334 0.0011250000000000001
764 0.0029166666666666668 0.0011250000000000001
765 0.0031250000000000002 0.0011250000000000001
766 0.0033333333333333335 0.0011250000000000001
767 0.0035416666666666669 0.0011250000000000001
768 0.0037500000000000003 0.0011250000000000001
769 0.0039583333333333337 0.0011250000000000001
770 0.0041666666666666666 0.0011250000000000001
771 0.0043750000000000004 0.0011250000000000001
772 0.0045833333333333334 0.0011250000000000001
773 0.0047916666666666672 0.0011250000000000001
774 0.0050000000000000001 0.0011250000000000001
775 0 0.0011625000000000001
776 0.00020833333333333335 0.0011625000000000001
777 0.00041666666666666669 0.0011625000000000001
778 0.00062500000000000001 0.0011625000000000001
779 0.00083333333333333339 0.0011625000000000001
780 0.0010416666666666667 0.0011625000000000001
781 0.00125 0.0011625000000000001
782 0.0014583333333333334 0.0011625000000000001
783 0.0016666666666666668 0.0011625000000000001
784 0.0018750000000000001 0.0011625000000000001
785 0.0020833333333333333 0.0011625000000000001
786 0.0022916666666666667 0.0011625000000000001
787 0.0025000000000000001 0.0011625000000000001
788 0.0027083333333333334 0.0011625000000000001
789 0.0029166666666666668 0.0011625000000000001
790 0.0031250000000000002 0.0011625000000000001
791 0.0033333333333333335 0.0011625000000000001
792 0.0035416666666666669 0.0011625000000000001
793 0.0037500000000000003 0.0011625000000000001
794 0.0039583333333333337 0.0011625000000000001
795 0.0041666666666666666 0.0011625000000000001
796 0.0043750000000000004 0.0011625000000000001
797 0.0045833333333333334 0.0011625000000000001
798 0.0047916666666666672 0.0011625000000000001
799 0.0050000000000000001 0.0011625000000000001
800 0 0.0012000000000000001
801 0.00020833333333333335 0.0012000000000000001
802 0.00041666666666666669 0.0012000000000000001
803 0.00062500000000000001 0.0012000000000000001
804 0.00083333333333333339 0.0012000000000000001
805 0.0010416666666666667 0.0012000000000000001
806 0.00125 0.0012000000000000001
807 0.0014583333333333334 0.0012000000000000001
808 0.0016666666666666668 0.0012000000000000001
809 0.0018750000000000001 0.0012000000000000001
810 0.0020833333333333333 0.0012000000000000001
811 0.0022916666666666667 0.0012000000000000001
812 0.0025000000000000001 0.0012000000000000001
813 0.0027083333333333334 0.0012000000000000001
814 0.0029166666666666668 0.0012000000000000001
815 0.0031250000000000002 0.0012000000000000001
816 0.0033333333333333335 0.0012000000000000001
817 0.0035416666666666669 0.0012000000000000001
818 0.0037500000000000003 0.0012000000000000001
819 0.0039583333333333337 0.0012000000000000001
820 0.0041666666666666666 0.0012000000000000001
821 0.0043750000000000004 0.0012000000000000001
822 0.0045833333333333334 0.0012000000000000001
823 0.0047916666666666672 0.0012000000000000001
824 0.0050000000000000001 0.0012000000000000001
825 0 0.0012375000000000001
826 0.00020833333333333335 0.0012375000000000001
827 0.00041666666666666669 0.0012375000000000001
828 0.00062500000000000001 0.0012375000000000001
829 0.00083333333333333339 0.0012375000000000001
830 0.0010416666666666667 0.0012375000000000001
831 0.00125 0.0012375000000000001
832 0.0014583333333333334 0.0012375000000000001
833 0.0016666666666666668 0.0012375000000000001
834 0.0018750000000000001 0.0012375000000000001
835 0.0020833333333333333 0.0012375000000000001
836 0.0022916666666666667 0.0012375000000000001
837 0.0025000000000000001 0.0012375000000000001
838 0.0027083333333333334 0.0012375000000000001
839 0.0029166666666666668 0.0012375000000000001
840 0.0031250000000000002 0.0012375000000000001
841 0.0033333333333333335 0.0012375000000000001
842 0.0035416666666666669 0.0012375000000000001
843 0.0037500000000000003 0.0012375000000000001
844 0.0039583333333333337 0.0012375000000000001
845 0.0041666666666666666 0.0012375000000000001
846 0.0043750000000000004 0.0012375000000000001
847 0.0045833333333333334 0.0012375000000000001
848 0.0047916666666666672 0.0012375000000000001
849 0.0050000000000000001 0.0012375000000000001
850 0 0.0012750000000000001
851 0.00020833333333333335 0.0012750000000000001
852 0.00041666666666666669 0.0012750000000000001
853 0.00062500000000000001 0.0012750000000000001
854 0.00083333333333333339 0.0012750000000000001
855 0.0010416666666666667 0.0012750000000000001
856 0.00125 0.0012750000000000001
857 0.0014583333333333334 0.0012750000000000001
858 0.0016666666666666668 0.0012750000000000001
859 0.0018750000000000001 0.0012750000000000001
860 0.0020833333333333333 0.0012750000000000001
861 0.0022916666666666667 0.0012750000000000001
862 0.0025000000000000001 0.0012750000000000001
863 0.0027083333333333334 0.0012750000000000001
864 0.0029166666666666668 0.0012750000000000001
865 0.0031250000000000002 0.0012750000000000001
866 0.0033333333333333335 0.0012750000000000001
867 0.0035416666666666669 0.0012750000000000001
868 0.0037500000000000003 0.0012750000000000001
869 0.0039583333333333337 0.0012750000000000001
870 0.0041666666666666666 0.0012750000000000001
871 0.0043750000000000004 0.0012750000000000001
872 0.0045833333333333334 0.0012750000000000001
873 0.0047916666666666672 0.0012750000000000001
874 0.0050000000000000001 0.0012750000000000001
875 0 0.0013125000000000001
876 0.00020833333333333335 0.0013125000000000001
877 0.00041666666666666669 0.0013125000000000001
878 0.00062500000000000001 0.0013125000000000001
879 0.00083333333333333339 0.0013125000000000001
880 0.0010416666666666667 0.0013125000000000001
881 0.00125 0.0013125000000000001
882 0.0014583333333333334 0.0013125000000000001
883 0.0016666666666666668 0.0013125000000000001
884 0.0018750000000000001 0.0013125000000000001
885 0.0020833333333333333 0.0013125000000000001
886 0.0022916666666666667 0.0013125000000000001
887 0.0025000000000000001 0.0013125000000000001
888 0.0027083333333333334 0.0013125000000000001
889 0.0029166666666666668 0.0013125000000000001
890 0.0031250000000000002 0.0013125000000000001
891 0.0033333333333333335 0.0013125000000000001
892 0.0035416666666666669 0.0013125000000000001
893 0.0037500000000000003 0.0013125000000000001
894 0.0039583333333333337 0.0013125000000000001
895 0.0041666666666666666 0.0013125000000000001
896 0.0043750000000000004 0.0013125000000000001
897 0.0045833333333333334 0.0013125000000000001
898 0.0047916666666666672 0.0013125000000000001
899 0.0050000000000000001 0.0013125000000000001
900 0 0.0013500000000000001
901 0.00020833333333333335 0.0013500000000000001
902 0.00041666666666666669 0.0013500000000000001
903 0.00062500000000000001 0.0013500000000000001
904 0.00083333333333333339 0.0013500000000000001
905 0.0010416666666666667 0.0013500000000000001
906 0.00125 0.0013500000000000001
907 0.0014583333333333334 0.0013500000000000001
908 0.0016666666666666668 0.0013500000000000001
909 0.0018750000000000001 0.0013500000000000001
910 0.0020833333333333333 0.0013500000000000001
911 0.0022916666666666667 0.0013500000000000001
912 0.0025000000000000001 0.0013500000000000001
913 0.0027083333333333334 0.0013500000000000001
914 0.0029166666666666668 0.0013500000000000001
915 0.0031250000000000002 0.0013500000000000001
916 0.0033333333333333335 0.0013500000000000001
917 0.0035416666666666669 0.0013500000000000001
918 0.0037500000000000003 0.0013500000000000001
919 0.0039583333333333337 0.0013500000000000001
920 0.0041666666666666666 0.0013500000000000001
921 0.0043750000000000004 0.0013500000000000001
922 0.0045833333333333334 0.0013500000000000001
923 0.0047916666666666672 0.0013500000000000001
924 0.0050000000000000001 0.0013500000000000001
925 0 0.0013875000000000001
926 0.00020833333333333335 0.0013875000000000001
927 0.00041666666666666669 0.0013875000000000001
928 0.00062500000000000001 0.0013875000000000001
929 0.00083333333333333339 0.0013875000000000001
930 0.0010416666666666667 0.0013875000000000001
931 0.00125 0.0013875000000000001
932 0.0014583333333333334 0.0013875000000000001
933 0.0016666666666666668 0.0013875000000000001
934 0.0018750000000000001 0.0013875000000000001
935 0.0020833333333333333 0.0013875000000000001
936 0.0022916666666666667 0.0013875000000000001
937 0.0025000000000000001 0.0013875000000000001
938 0.0027083333333333334 0.0013875000000000001
939 0.0029166666666666668 0.0013875000000000001
940 0.0031250000000000002 0.0013875000000000001
941 0.0033333333333333335 0.0013875000000000001
942 0.0035416666666666669 0.0013875000000000001
943 0.0037500000000000003 0.0013875000000000001
944 0.0039583333333333337 0.0013875000000000001
945 0.0041666666666666666 0.0013875000000000001
946 0.0043750000000000004 0.0013875000000000001
947 0.0045833333333333334 0.0013875000000000001
948 0.0047916666666666672 0.0013875000000000001
949 0.0050000000000000001 0.0013875000000000001
950 0 0.0014250000000000001
951 0.00020833333333333335 0.0014250000000000001
952 0.00041666666666666669 0.0014250000000000001
953 0.00062500000000000001 0.0014250000000000001
954 0.00083333333333333339 0.0014250000000000001
955 0.0010416666666666667 0.0014250000000000001
956 0.00125 0.0014250000000000001
957 0.0014583333333333334 0.0014250000000000001
958 0.0016666666666666668 0.0014250000000000001
959 0.0018750000000000001 0.0014250000000000001
960 0.0020833333333333333 0.0014250000000000001
961 0.0022916666666666667 0.0014250000000000001
962 0.0025000000000000001 0.0014250000000000001
963 0.0027083333333333334 0.0014250000000000001
964 0.0029166666666666668 0.0014250000000000001
965 0.0031250000000000002 0.0014250000000000001
966 0.0033333333333333335 0.0014250000000000001
967 0.0035416666666666669 0.0014250000000000001
968 0.0037500000000000003 0.0014250000000000001
969 0.0039583333333333337 0.0014250000000000001
970 0.0041666666666666666 0.0014250000000000001
971 0.0043750000000000004 0.0014250000000000001
972 0.0045833333333333334 0.0014250000000000001
973 0.0047916666666666672 0.0014250000000000001
974 0.0050000000000000001 0.0014250000000000001
975 0 0.0014625
976 0.00020833333333333335 0.0014625
977 0.00041666666666666669 0.0014625
978 0.00062500000000000001 0.0014625
979 0.00083333333333333339 0.0014625
980 0.0010416666666666667 0.0014625
981 0.00125 0.0014625
982 0.0014583333333333334 0.0014625
983 0.0016666666666666668 0.0014625
984 0.0018750000000000001 0.0014625
985 0.0020833333333333333 0.0014625
986 0.0022916666666666667 0.0014625
987 0.0025000000000000001 0.0014625
988 0.0027083333333333334 0.0014625
989 0.0029166666666666668 0.0014625
990 0.0031250000000000002 0.0014625
991 0.0033333333333333335 0.0014625
992 0.0035416666666666669 0.0014625
993 0.0037500000000000003 0.0014625
994 0.0039583333333333337 0.0014625
995 0.0041666666666666666 0.0014625
996 0.0043750000000000004 0.0014625
997 0.0045833333333333334 0.0014625
998 0.0047916666666666672 0.0014625
999 0.0050000000000000001 0.0014625
1000 0 0.0015
1001 0.00020833333333333335 0.0015
1002 0.00041666666666666669 0.0015
1003 0.00062500000000000001 0.0015
1004 0.00083333333333333339 0.0015
1005 0.0010416666666666667 0.0015
1006 0.00125 0.0015
1007 0.0014583333333333334 0.0015
1008 0.0016666666666666668 0.0015
1009 0.0018750000000000001 0.0015
1010 0.0020833333333333333 0.0015
1011 0.0022916666666666667 0.0015
1012 0.0025000000000000001 0.0015
1013 0.0027083333333333334 0.0015
1014 0.0029166666666666668 0.0015
1015 0.0031250000000000002 0.0015
1016 0.0033333333333333335 0.0015
1017 0.0035416666666666669 0.0015
1018 0.0037500000000000003 0.0015
1019 0.0039583333333333337 0.0015
1020 0.0041666666666666666 0.0015
1021 0.0043750000000000004 0.0015
1022 0.0045833333333333334 0.0015
1023 0.0047916666666666672 0.0015
1024 0.0050000000000000001 0.0015
1025 0 0.0015375000000000002
1026 0.00020833333333333335 0.0015375000000000002
1027 0.00041666666666666669 0.0015375000000000002
1028 0.00062500000000000001 0.0015375000000000002
1029 0.00083333333333333339 0.0015375000000000002
1030 0.0010416666666666667 0.0015375000000000002
1031 0.00125 0.0015375000000000002
1032 0.0014583333333333334 0.0015375000000000002
1033 0.0016666666666666668 0.0015375000000000002
1034 0.0018750000000000001 0.0015375000000000002
1035 0.0020833333333333333 0.0015375000000000002
1036 0.0022916666666666667 0.0015375000000000002
1037 0.0025000000000000001 0.0015375000000000002
1038 0.0027083333333333334 0.0015375000000000002
1039 0.0029166666666666668 0.0015375000000000002
1040 0.0031250000000000002 0.0015375000000000002
1041 0.0033333333333333335 0.0015375000000000002
1042 0.0035416666666666669 0.0015375000000000002
1043 0.0037500000000000003 0.0015375000000000002
1044 0.0039583333333333337 0.0015375000000000002
1045 0.0041666666666666666 0.0015375000000000002
1046 0.0043750000000000004 0.0015375000000000002
1047 0.0045833333333333334 0.0015375000000000002
1048 0.0047916666666666672 0.0015375000000000002
1049 0.0050000000000000001 0.0015375000000000002
1050 0 0.0015750000000000002
1051 0.00020833333333333335 0.0015750000000000002
1052 0.00041666666666666669 0.0015750000000000002
1053 0.00062500000000000001 0.0015750000000000002
1054 0.00083333333333333339 0.0015750000000000002
1055 0.0010416666666666667 0.0015750000000000002
1056 0.00125 0.0015750000000000002
1057 0.0014583333333333334 0.0015750000000000002
1058 0.0016666666666666668 0.0015750000000000002
1059 0.0018750000000000001 0.0015750000000000002
1060 0.0020833333333333333 0.0015750000000000002
1061 0.0022916666666666667 0.0015750000000000002
1062 0.0025000000000000001 0.0015750000000000002
1063 0.0027083333333333334 0.0015750000000000002
1064 0.0029166666666666668 0.0015750000000000002
1065 0.0031250000000000002 0.0015750000000000002
1066 0.0033333333333333335 0.0015750000000000002
1067 0.0035416666666666669 0.0015750000000000002
1068 0.0037500000000000003 0.0015750000000000002
1069 0.0039583333333333337 0.0015750000000000002
1070 0.0041666666666666666 0.0015750000000000002
1071 0.0043750000000000004 0.0015750000000000002
1072 0.0045833333333333334 0.0015750000000000002
1073 0.0047916666666666672 0.0015750000000000002
1074 0.0050000000000000001 0.0015750000000000002
1075 0 0.0016125000000000002
1076 0.00020833333333333335 0.0016125000000000002
1077 0.00041666666666666669 0.0016125000000000002
1078 0.00062500000000000001 0.0016125000000000002
1079 0.00083333333333333339 0.0016125000000000002
1080 0.0010416666666666667 0.0016125000000000002
1081 0.00125 0.0016125000000000002
1082 0.0014583333333333334 0.0016125000000000002
1083 0.0016666666666666668 0.0016125000000000002
1084 0.0018750000000000001 0.0016125000000000002
1085 0.0020833333333333333 0.0016125000000000002
1086 0.0022916666666666667 0.0016125000000000002
1087 0.0025000000000000001 0.0016125000000000002
1088 0.0027083333333333334 0.0016125000000000002
1089 0.0029166666666666668 0.0016125000000000002
1090 0.0031250000000000002 0.0016125000000000002
1091 0.0033333333333333335 0.0016125000000000002
1092 0.0035416666666666669 0.0016125000000000002
1093 0.0037500000000000003 0.0016125000000000002
1094 0.0039583333333333337 0.0016125000000000002
1095 0.0041666666666666666 0.0016125000000000002
1096 0.0043750000000000004 0.0016125000000000002
1097 0.0045833333333333334 0.0016125000000000002
1098 0.0047916666666666672 0.0016125000000000002
1099 0.0050000000000000001 0.0016125000000000002
1100 0 0.0016500000000000002
1101 0.00020833333333333335 0.0016500000000000002
1102 0.00041666666666666669 0.0016500000000000002
1103 0.00062500000000000001 0.0016500000000000002
1104 0.00083333333333333339 0.0016500000000000002
1105 0.0010416666666666667 0.0016500000000000002
1106 0.00125 0.0016500000000000002
1107 0.0014583333333333334 0.0016500000000000002
1108 0.0016666666666666668 0.0016500000000000002
1109 0.0018750000000000001 0.0016500000000000002
1110 0.0020833333333333333 0.0016500000000000002
1111 0.0022916666666666667 0.0016500000000000002
1112 0.0025000000000000001 0.0016500000000000002
1113 0.0027083333333333334 0.0016500000000000002
1114 0.0029166666666666668 0.0016500000000000002
1115 0.0031250000000000002 0.0016500000000000002
1116 0.0033333333333333335 0.0016500000000000002
1117 0.0035416666666666669 0.0016500000000000002
1118 0.0037500000000000003 0.0016500000000000002
1119 0.0039583333333333337 0.0016500000000000002
1120 0.0041666666666666666 0.0016500000000000002
1121 0.0043750000000000004 0.0016500000000000002
1122 0.0045833333333333334 0.0016500000000000002
1123 0.0047916666666666672 0.0016500000000000002
1124 0.0050000000000000001 0.0016500000000000002
1125 0 0.0016875000000000002
1126 0.00020833333333333335 0.0016875000000000002
1127 0.00041666666666666669 0.0016875000000000002
1128 0.00062500000000000001 0.0016875000000000002
1129 0.00083333333333333339 0.0016875000000000002
1130 0.0010416666666666667 0.0016875000000000002
1131 0.00125 0.0016875000000000002
1132 0.0014583333333333334 0.0016875000000000002
1133 0.0016666666666666668 0.0016875000000000002
1134 0.0018750000000000001 0.0016875000000000002
1135 0.0020833333333333333 0.0016875000000000002
1136 0.0022916666666666667 0.0016875000000000002
1137 0.0025000000000000001 0.0016875000000000002
1138 0.0027083333333333334 0.0016875000000000002
1139 0.0029166666666666668 0.0016875000000000002
1140 0.0031250000000000002 0.0016875000000000002
1141 0.0033333333333333335 0.0016875000000000002
1142 0.0035416666666666669 0.0016875000000000002
1143 0.0037500000000000003 0.0016875000000000002
1144 0.0039583333333333337 0.0016875000000000002
1145 0.0041666666666666666 0.0016875000000000002
1146 0.0043750000000000004 0.0016875000000000002
1147 0.0045833333333333334 0.0016875000000000002
1148 0.0047916666666666672 0.0016875000000000002
1149 0.0050000000000000001 0.0016875000000000002
1150 0 0.0017250000000000002
1151 0.00020833333333333335 0.0017250000000000002
1152 0.00041666666666666669 0.0017250000000000002
1153 0.00062500000000000001 0.0017250000000000002
1154 0.00083333333333333339 0.0017250000000000002
1155 0.0010416666666666667 0.0017250000000000002
1156 0.00125 0.0017250000000000002
1157 0.0014583333333333334 0.0017250000000000002
1158 0.0016666666666666668 0.0017250000000000002
1159 0.0018750000000000001 0.0017250000000000002
1160 0.0020833333333333333 0.0017250000000000002
1161 0.0022916666666666667 0.0017250000000000002
1162 0.0025000000000000001 0.0017250000000000002
1163 0.0027083333333333334 0.0017250000000000002
1164 0.0029166666666666668 0.0017250000000000002
1165 0.0031250000000000002 0.0017250000000000002
1166 0.0033333333333333335 0.0017250000000000002
1167 0.0035416666666666669 0.0017250000000000002
1168 0.0037500000000000003 0.0017250000000000002
1169 0.0039583333333333337 0.0017250000000000002
1170 0.0041666666666666666 0.0017250000000000002
1171 0.0043750000000000004 0.0017250000000000002
1172 0.0045833333333333334 0.0017250000000000002
1173 0.0047916666666666672 0.0017250000000000002
1174 0.0050000000000000001 0.0017250000000000002
1175 0 0.0017625000000000002
1176 0.00020833333333333335 0.0017625000000000002
1177 0.00041666666666666669 0.0017625000000000002
1178 0.00062500000000000001 0.0017625000000000002
1179 0.00083333333333333339 0.0017625000000000002
1180 0.0010416666666666667 0.0017625000000000002
1181 0.00125 0.0017625000000000002
1182 0.0014583333333333334 0.0017625000000000002
1183 0.0016666666666666668 0.0017625000000000002
1184 0.0018750000000000001 0.0017625000000000002
1185 0.0020833333333333333 0.0017625000000000002
1186 0.0022916666666666667 0.0017625000000000002
1187 0.0025000000000000001 0.0017625000000000002
1188 0.0027083333333333334 0.0017625000000000002
1189 0.0029166666666666668 0.0017625000000000002
1190 0.0031250000000000002 0.0017625000000000002
1191 0.0033333333333333335 0.0017625000000000002
1192 0.0035416666666666669 0.0017625000000000002
1193 0.0037500000000000003 0.0017625000000000002
1194 0.0039583333333333337 0.0017625000000000002
1195 0.0041666666666666666 0.0017625000000000002
1196 0.0043750000000000004 0.0017625000000000002
1197 0.0045833333333333334 0.0017625000000000002
1198 0.0047916666666666672 0.0017625000000000002
1199 0.0050000000000000001 0.0017625000000000002
1200 0 0.0018000000000000002
1201 0.00020833333333333335 0.0018000000000000002
1202 0.00041666666666666669 0.0018000000000000002
1203 0.00062500000000000001 0.0018000000000000002
1204 0.00083333333333333339 0.0018000000000000002
1205 0.0010416666666666667 0.0018000000000000002
1206 0.00125 0.0018000000000000002
1207 0.0014583333333333334 0.0018000000000000002
1208 0.0016666666666666668 0.0018000000000000002
1209 0.0018750000000000001 0.0018000000000000002
1210 0.0020833333333333333 0.0018000000000000002
1211 0.0022916666666666667 0.0018000000000000002
1212 0.0025000000000000001 0.0018000000000000002
1213 0.0027083333333333334 0.0018000000000000002
1214 0.0029166666666666668 0.0018000000000000002
1215 0.0031250000000000002 0.0018000000000000002
1216 0.0033333333333333335 0.0018000000000000002
1217 0.0035416666666666669 0.0018000000000000002
1218 0.0037500000000000003 0.0018000000000000002
1219 0.0039583333333333337 0.0018000000000000002
1220 0.0041666666666666666 0.0018000000000000002
1221 0.0043750000000000004 0.0018000000000000002
1222 0.0045833333333333334 0.0018000000000000002
1223 0.0047916666666666672 0.0018000000000000002
1224 0.0050000000000000001 0.0018000000000000002
1225 0 0.0018375000000000002
1226 0.00020833333333333335 0.0018375000000000002
1227 0.00041666666666666669 0.0018375000000000002
1228 0.00062500000000000001 0.0018375000000000002
1229 0.00083333333333333339 0.0018375000000000002
1230 0.0010416666666666667 0.0018375000000000002
1231 0.00125 0.0018375000000000002
1232 0.0014583333333333334 0.0018375000000000002
1233 0.0016666666666666668 0.0018375000000000002
1234 0.0018750000000000001 0.0018375000000000002
1235 0.0020833333333333333 0.0018375000000000002
1236 0.0022916666666666667 0.0018375000000000002
1237 0.0025000000000000001 0.0018375000000000002
1238 0.0027083333333333334 0.0018375000000000002
1239 0.0029166666666666668 0.0018375000000000002
1240 0.0031250000000000002 0.0018375000000000002
1241 0.0033333333333333335 0.0018375000000000002
1242 0.0035416666666666669 0.0018375000000000002
1243 0.0037500000000000003 0.0018375000000000002
1244 0.0039583333333333337 0.0018375000000000002
1245 0.0041666666666666666 0.0018375000000000002
1246 0.0043750000000000004 0.0018375000000000002
1247 0.0045833333333333334 0.0018375000000000002
1248 0.0047916666666666672 0.0018375000000000002
1249 0.0050000000000000001 0.0018375000000000002
1250 0 0.0018750000000000001
1251 0.00020833333333333335 0.0018750000000000001
1252 0.00041666666666666669 0.0018750000000000001
1253 0.00062500000000000001 0.0018750000000000001
1254 0.00083333333333333339 0.0018750000000000001
1255 0.0010416666666666667 0.0018750000000000001
1256 0.00125 0.0018750000000000001
1257 0.0014583333333333334 0.0018750000000000001
1258 0.0016666666666666668 0.0018750000000000001
1259 0.0018750000000000001 0.0018750000000000001
1260 0.0020833333333333333 0.0018750000000000001
1261 0.0022916666666666667 0.0018750000000000001
1262 0.0025000000000000001 0.0018750000000000001
1263 0.0027083333333333334 0.0018750000000000001
1264 0.0029166666666666668 0.0018750000000000001
1265 0.0031250000000000002 0.0018750000000000001
1266 0.0033333333333333335 0.0018750000000000001
1267 0.0035416666666666669 0.0018750000000000001
1268 0.0037500000000000003 0.0018750000000000001
1269 0.0039583333333333337 0.0018750000000000001
1270 0.0041666666666666666 0.0018750000000000001
1271 0.0043750000000000004 0.0018750000000000001
1272 0.0045833333333333334 0.0018750000000000001
1273 0.0047916666666666672 0.0018750000000000001
1274 0.0050000000000000001 0.0018750000000000001
1275 0 0.0019125000000000001
1276 0.00020833333333333335 0.0019125000000000001
1277 0.00041666666666666669 0.0019125000000000001
1278 0.00062500000000000001 0.0019125000000000001
1279 0.00083333333333333339 0.0019125000000000001
1280 0.0010416666666666667 0.0019125000000000001
1281 0.00125 0.0019125000000000001
1282 0.0014583333333333334 0.0019125000000000001
1283 0.0016666666666666668 0.0019125000000000001
1284 0.0018750000000000001 0.0019125000000000001
1285 0.0020833333333333333 0.0019125000000000001
1286 0.0022916666666666667 0.0019125000000000001
1287 0.0025000000000000001 0.0019125000000000001
1288 0.0027083333333333334 0.0019125000000000001
1289 0.0029166666666666668 0.0019125000000000001
1290 0.0031250000000000002 0.0019125000000000001
1291 0.0033333333333333335 0.0019125000000000001
1292 0.0035416666666666669 0.0019125000000000001
1293 0.0037500000000000003 0.0019125000000000001
1294 0.0039583333333333337 0.0019125000000000001
1295 0.0041666666666666666 0.0019125000000000001
1296 0.0043750000000000004 0.0019125000000000001
1297 0.0045833333333333334 0.0019125000000000001
1298 0.0047916666666666672 0.0019125000000000001
1299 0.0050000000000000001 0.0019125000000000001
1300 0 0.0019500000000000001
1301 0.00020833333333333335 0.0019500000000000001
1302 0.00041666666666666669 0.0019500000000000001
1303 0.00062500000000000001 0.0019500000000000001
1304 0.00083333333333333339 0.0019500000000000001
1305 0.0010416666666666667 0.0019500000000000001
1306 0.00125 0.0019500000000000001
1307 0.0014583333333333334 0.0019500000000000001
1308 0.0016666666666666668 0.0019500000000000001
1309 0.0018750000000000001 0.0019500000000000001
1310 0.0020833333333333333 0.0019500000000000001
1311 0.0022916666666666667 0.0019500000000000001
1312 0.0025000000000000001 0.0019500000000000001
1313 0.0027083333333333334 0.0019500000000000001
1314 0.0029166666666666668 0.0019500000000000001
1315 0.0031250000000000002 0.0019500000000000001
1316 0.0033333333333333335 0.0019500000000000001
1317 0.0035416666666666669 0.0019500000000000001
1318 0.0037500000000000003 0.0019500000000000001
1319 0.0039583333333333337 0.0019500000000000001
1320 0.0041666666666666666 0.0019500000000000001
1321 0.0043750000000000004 0.0019500000000000001
1322 0.0045833333333333334 0.0019500000000000001
1323 0.0047916666666666672 0.0019500000000000001
1324 0.0050000000000000001 0.0019500000000000001
1325 0 0.0019875000000000001
1326 0.00020833333333333335 0.0019875000000000001
1327 0.00041666666666666669 0.0019875000000000001
1328 0.00062500000000000001 0.0019875000000000001
1329 0.00083333333333333339 0.0019875000000000001
1330 0.0010416666666666667 0.0019875000000000001
1331 0.00125 0.0019875000000000001
1332 0.0014583333333333334 0.0019875000000000001
1333 0.0016666666666666668 0.0019875000000000001
1334 0.0018750000000000001 0.0019875000000000001
1335 0.0020833333333333333 0.0019875000000000001
1336 0.0022916666666666667 0.0019875000000000001
1337 0.0025000000000000001 0.0019875000000000001
1338 0.0027083333333333334 0.0019875000000000001
1339 0.0029166666666666668 0.0019875000000000001
1340 0.0031250000000000002 0.0019875000000000001
1341 0.0033333333333333335 0.0019875000000000001
1342 0.0035416666666666669 0.0019875000000000001
1343 0.0037500000000000003 0.0019875000000000001
1344 0.0039583333333333337 0.0019875000000000001
1345 0.0041666666666666666 0.0019875000000000001
1346 0.0043750000000000004 0.0019875000000000001
1347 0.0045833333333333334 0.0019875000000000001
1348 0.0047916666666666672 0.0019875000000000001
1349 0.0050000000000000001 0.0019875000000000001
1350 0 0.0020250000000000003
1351 0.00020833333333333335 0.0020250000000000003
1352 0.00041666666666666669 0.0020250000000000003
1353 0.00062500000000000001 0.0020250000000000003
1354 0.00083333333333333339 0.0020250000000000003
1355 0.0010416666666666667 0.0020250000000000003
1356 0.00125 0.0020250000000000003
1357 0.0014583333333333334 0.0020250000000000003
1358 0.0016666666666666668 0.0020250000000000003
1359 0.0018750000000000001 0.0020250000000000003
1360 0.0020833333333333333 0.0020250000000000003
1361 0.0022916666666666667 0.0020250000000000003
1362 0.0025000000000000001 0.0020250000000000003
1363 0.0027083333333333334 0.0020250000000000003
1364 0.0029166666666666668 0.0020250000000000003
1365 0.0031250000000000002 0.0020250000000000003
1366 0.0033333333333333335 0.0020250000000000003
1367 0.0035416666666666669 0.0020250000000000003
1368 0.0037500000000000003 0.0020250000000000003
1369 0.0039583333333333337 0.0020250000000000003
1370 0.0041666666666666666 0.0020250000000000003
1371 0.0043750000000000004 0.0020250000000000003
1372 0.0045833333333333334 0.0020250000000000003
1373 0.0047916666666666672 0.0020250000000000003
1374 0.0050000000000000001 0.0020250000000000003
1375 0 0.0020625000000000001
1376 0.00020833333333333335 0.0020625000000000001
1377 0.00041666666666666669 0.0020625000000000001
1378 0.00062500000000000001 0.0020625000000000001
1379 0.00083333333333333339 0.0020625000000000001
1380 0.0010416666666666667 0.0020625000000000001
1381 0.00125 0.0020625000000000001
1382 0.0014583333333333334 0.0020625000000000001
1383 0.0016666666666666668 0.0020625000000000001
1384 0.0018750000000000001 0.0020625000000000001
1385 0.0020833333333333333 0.0020625000000000001
1386 0.0022916666666666667 0.0020625000000000001
1387 0.0025000000000000001 0.0020625000000000001
1388 0.0027083333333333334 0.0020625000000000001
1389 0.0029166666666666668 0.0020625000000000001
1390 0.0031250000000000002 0.0020625000000000001
1391 0.0033333333333333335 0.0020625000000000001
1392 0.0035416666666666669 0.0020625000000000001
1393 0.0037500000000000003 0.0020625000000000001
1394 0.0039583333333333337 0.0020625000000000001
1395 0.0041666666666666666 0.0020625000000000001
1396 0.0043750000000000004 0.0020625000000000001
1397 0.0045833333333333334 0.0020625000000000001
1398 0.0047916666666666672 0.0020625000000000001
1399 0.0050000000000000001 0.0020625000000000001
1400 0 0.0021000000000000003
1401 0.00020833333333333335 0.0021000000000000003
1402 0.00041666666666666669 0.0021000000000000003
1403 0.00062500000000000001 0.0021000000000000003
1404 0.00083333333333333339 0.0021000000000000003
1405 0.0010416666666666667 0.0021000000000000003
1406 0.00125 0.0021000000000000003
1407 0.0014583333333333334 0.0021000000000000003
1408 0.0016666666666666668 0.0021000000000000003
1409 0.0018750000000000001 0.0021000000000000003
1410 0.0020833333333333333 0.0021000000000000003
1411 0.0022916666666666667 0.0021000000000000003
1412 0.0025000000000000001 0.0021000000000000003
1413 0.0027083333333333334 0.0021000000000000003
1414 0.0029166666666666668 0.0021000000000000003
1415 0.0031250000000000002 0.0021000000000000003
1416 0.0033333333333333335 0.0021000000000000003
1417 0.0035416666666666669 0.0021000000000000003
1418 0.0037500000000000003 0.0021000000000000003
1419 0.0039583333333333337 0.0021000000000000003
1420 0.0041666666666666666 0.0021000000000000003
1421 0.0043750000000000004 0.0021000000000000003
1422 0.0045833333333333334 0.0021000000000000003
1423 0.0047916666666666672 0.0021000000000000003
1424 0.0050000000000000001 0.0021000000000000003
1425 0 0.0021375000000000001
1426 0.00020833333333333335 0.0021375000000000001
1427 0.00041666666666666669 0.0021375000000000001
1428 0.00062500000000000001 0.0021375000000000001
1429 0.00083333333333333339 0.0021375000000000001
1430 0.0010416666666666667 0.0021375000000000001
1431 0.00125 0.0021375000000000001
1432 0.0014583333333333334 0.0021375000000000001
1433 0.0016666666666666668 0.0021375000000000001
1434 0.0018750000000000001 0.0021375000000000001
1435 0.0020833333333333333 0.0021375000000000001
1436 0.0022916666666666667 0.0021375000000000001
1437 0.0025000000000000001 0.0021375000000000001
1438 0.0027083333333333334 0.0021375000000000001
1439 0.0029166666666666668 0.0021375000000000001
1440 0.0031250000000000002 0.0021375000000000001
1441 0.0033333333333333335 0.0021375000000000001
1442 0.0035416666666666669 0.0021375000000000001
1443 0.0037500000000000003 0.0021375000000000001
1444 0.0039583333333333337 0.0021375000000000001
1445 0.0041666666666666666 0.0021375000000000001
1446 0.0043750000000000004 0.0021375000000000001
1447 0.0045833333333333334 0.0021375000000000001
1448 0.0047916666666666672 0.0021375000000000001
1449 0.0050000000000000001 0.0021375000000000001
1450 0 0.0021750000000000003
1451 0.00020833333333333335 0.0021750000000000003
1452 0.00041666666666666669 0.0021750000000000003
1453 0.00062500000000000001 0.0021750000000000003
1454 0.00083333333333333339 0.0021750000000000003
1455 0.0010416666666666667 0.0021750000000000003
1456 0.00125 0.0021750000000000003
1457 0.0014583333333333334 0.0021750000000000003
1458 0.0016666666666666668 0.0021750000000000003
1459 0.0018750000000000001 0.0021750000000000003
1460 0.0020833333333333333 0.0021750000000000003
1461 0.0022916666666666667 0.0021750000000000003
1462 0.0025000000000000001 0.0021750000000000003
1463 0.0027083333333333334 0.0021750000000000003
1464 0.0029166666666666668 0.0021750000000000003
1465 0.0031250000000000002 0.0021750000000000003
1466 0.0033333333333333335 0.0021750000000000003
1467 0.0035416666666666669 0.0021750000000000003
1468 0.0037500000000000003 0.0021750000000000003
1469 0.0039583333333333337 0.0021750000000000003
1470 0.0041666666666666666 0.0021750000000000003
1471 0.0043750000000000004 0.0021750000000000003
1472 0.0045833333333333334 0.0021750000000000003
1473 0.0047916666666666672 0.0021750000000000003
1474 0.0050000000000000001 0.0021750000000000003
1475 0 0.0022125000000000001
1476 0.00020833333333333335 0.0022125000000000001
1477 0.00041666666666666669 0.0022125000000000001
1478 0.00062500000000000001 0.0022125000000000001
1479 0.00083333333333333339 0.0022125000000000001
1480 0.0010416666666666667 0.0022125000000000001
1481 0.00125 0.0022125000000000001
1482 0.0014583333333333334 0.0022125000000000001
1483 0.0016666666666666668 0.0022125000000000001
1484 0.0018750000000000001 0.0022125000000000001
1485 0.0020833333333333333 0.0022125000000000001
1486 0.0022916666666666667 0.0022125000000000001
1487 0.0025000000000000001 0.0022125000000000001
1488 0.0027083333333333334 0.0022125000000000001
1489 0.0029166666666666668 0.0022125000000000001
1490 0.0031250000000000002 0.0022125000000000001
1491 0.0033333333333333335 0.0022125000000000001
1492 0.0035416666666666669 0.0022125000000000001
1493 0.0037500000000000003 0.0022125000000000001
1494 0.0039583333333333337 0.0022125000000000001
1495 0.0041666666666666666 0.0022125000000000001
1496 0.0043750000000000004 0.0022125000000000001
1497 0.0045833333333333334 0.0022125000000000001
1498 0.0047916666666666672 0.0022125000000000001
1499 0.0050000000000000001 0.0022125000000000001
1500 0 0.0022500000000000003
1501 0.00020833333333333335 0.0022500000000000003
1502 0.00041666666666666669 0.0022500000000000003
1503 0.00062500000000000001 0.0022500000000000003
1504 0.00083333333333333339 0.0022500000000000003
1505 0.0010416666666666667 0.0022500000000000003
1506 0.00125 0.0022500000000000003
1507 0.0014583333333333334 0.0022500000000000003
1508 0.0016666666666666668 0.0022500000000000003
1509 0.0018750000000000001 0.0022500000000000003
1510 0.0020833333333333333 0.0022500000000000003
1511 0.0022916666666666667 0.0022500000000000003
1512 0.0025000000000000001 0.0022500000000000003
1513 0.0027083333333333334 0.0022500000000000003
1514 0.0029166666666666668 0.0022500000000000003
1515 0.0031250000000000002 0.0022500000000000003
1516 0.0033333333333333335 0.0022500000000000003
1517 0.0035416666666666669 0.0022500000000000003
1518 0.0037500000000000003 0.0022500000000000003
1519 0.0039583333333333337 0.0022500000000000003
1520 0.0041666666666666666 0.0022500000000000003
1521 0.0043750000000000004 0.0022500000000000003
1522 0.0045833333333333334 0.0022500000000000003
1523 0.0047916666666666672 0.0022500000000000003
1524 0.0050000000000000001 0.0022500000000000003
1525 0 0.0022875
1526 0.00020833333333333335 0.0022875
1527 0.00041666666666666669 0.0022875
1528 0.00062500000000000001 0.0022875
1529 0.00083333333333333339 0.0022875
1530 0.0010416666666666667 0.0022875
1531 0.00125 0.0022875
1532 0.0014583333333333334 0.0022875
1533 0.0016666666666666668 0.0022875
1534 0.0018750000000000001 0.0022875
1535 0.0020833333333333333 0.0022875
1536 0.0022916666666666667 0.0022875
1537 0.0025000000000000001 0.0022875
1538 0.0027083333333333334 0.0022875
1539 0.0029166666666666668 0.0022875
1540 0.0031250000000000002 0.0022875
1541 0.0033333333333333335 0.0022875
1542 0.0035416666666666669 0.0022875
1543 0.0037500000000000003 0.0022875
1544 0.0039583333333333337 0.0022875
1545 0.0041666666666666666 0.0022875
1546 0.0043750000000000004 0.0022875
1547 0.0045833333333333334 0.0022875
1548 0.0047916666666666672 0.0022875
1549 0.0050000000000000001 0.0022875
1550 0 0.0023250000000000002
1551 0.00020833333333333335 0.0023250000000000002
1552 0.00041666666666666669 0.0023250000000000002
1553 0.00062500000000000001 0.0023250000000000002
1554 0.00083333333333333339 0.0023250000000000002
1555 0.0010416666666666667 0.0023250000000000002
1556 0.00125 0.0023250000000000002
1557 0.0014583333333333334 0.0023250000000000002
1558 0.0016666666666666668 0.0023250000000000002
1559 0.0018750000000000001 0.0023250000000000002
1560 0.0020833333333333333 0.0023250000000000002
1561 0.0022916666666666667 0.0023250000000000002
1562 0.0025000000000000001 0.0023250000000000002
1563 0.0027083333333333334 0.0023250000000000002
1564 0.0029166666666666668 0.0023250000000000002
1565 0.0031250000000000002 0.0023250000000000002
1566 0.0033333333333333335 0.0023250000000000002
1567 0.0035416666666666669 0.0023250000000000002
1568 0.0037500000000000003 0.0023250000000000002
1569 0.0039583333333333337 0.0023250000000000002
1570 0.0041666666666666666 0.0023250000000000002
1571 0.0043750000000000004 0.0023250000000000002
1572 0.0045833333333333334 0.0023250000000000002
1573 0.0047916666666666672 0.0023250000000000002
1574 0.0050000000000000001 0.0023250000000000002
1575 0 0.0023625
1576 0.00020833333333333335 0.0023625
1577 0.00041666666666666669 0.0023625
1578 0.00062500000000000001 0.0023625
1579 0.00083333333333333339 0.0023625
1580 0.0010416666666666667 0.0023625
1581 0.00125 0.0023625
1582 0.0014583333333333334 0.0023625
1583 0.0016666666666666668 0.0023625
1584 0.0018750000000000001 0.0023625
1585 0.0020833333333333333 0.0023625
1586 0.0022916666666666667 0.0023625
1587 0.0025000000000000001 0.0023625
1588 0.0027083333333333334 0.0023625
1589 0.0029166666666666668 0.0023625
1590 0.0031250000000000002 0.0023625
1591 0.0033333333333333335 0.0023625
1592 0.0035416666666666669 0.0023625
1593 0.0037500000000000003 0.0023625
1594 0.0039583333333333337 0.0023625
1595 0.0041666666666666666 0.0023625
1596 0.0043750000000000004 0.0023625
1597 0.0045833333333333334 0.0023625
1598 0.0047916666666666672 0.0023625
1599 0.0050000000000000001 0.0023625
1600 0 0.0024000000000000002
1601 0.00020833333333333335 0.0024000000000000002
1602 0.00041666666666666669 0.0024000000000000002
1603 0.00062500000000000001 0.0024000000000000002
1604 0.00083333333333333339 0.0024000000000000002
1605 0.0010416666666666667 0.0024000000000000002
1606 0.00125 0.0024000000000000002
1607 0.0014583333333333334 0.0024000000000000002
1608 0.0016666666666666668 0.0024000000000000002
1609 0.0018750000000000001 0.0024000000000000002
1610 0.0020833333333333333 0.0024000000000000002
1611 0.0022916666666666667 0.0024000000000000002
1612 0.0025000000000000001 0.0024000000000000002
1613 0.0027083333333333334 0.0024000000000000002
1614 0.0029166666666666668 0.0024000000000000002
1615 0.0031250000000000002 0.0024000000000000002
1616 0.0033333333333333335 0.0024000000000000002
1617 0.0035416666666666669 0.0024000000000000002
1618 0.0037500000000000003 0.0024000000000000002
1619 0.0039583333333333337 0.0024000000000000002
1620 0.0041666666666666666 0.0024000000000000002
1621 0.0043750000000000004 0.0024000000000000002
1622 0.0045833333333333334 0.0024000000000000002
1623 0.0047916666666666672 0.0024000000000000002
1624 0.0050000000000000001 0.0024000000000000002
1625 0 0.0024375000000000004
1626 0.00020833333333333335 0.0024375000000000004
1627 0.00041666666666666669 0.0024375000000000004
1628 0.00062500000000000001 0.0024375000000000004
1629 0.00083333333333333339 0.0024375000000000004
1630 0.0010416666666666667 0.0024375000000000004
1631 0.00125 0.0024375000000000004
1632 0.0014583333333333334 0.0024375000000000004
1633 0.0016666666666666668 0.0024375000000000004
1634 0.0018750000000000001 0.0024375000000000004
1635 0.0020833333333333333 0.0024375000000000004
1636 0.0022916666666666667 0.0024375000000000004
1637 0.0025000000000000001 0.0024375000000000004
1638 0.0027083333333333334 0.0024375000000000004
1639 0.0029166666666666668 0.0024375000000000004
1640 0.0031250000000000002 0.0024375000000000004
1641 0.0033333333333333335 0.0024375000000000004
1642 0.0035416666666666669 0.0024375000000000004
1643 0.0037500000000000003 0.0024375000000000004
1644 0.0039583333333333337 0.0024375000000000004
1645 0.0041666666666666666 0.0024375000000000004
1646 0.0043750000000000004 0.0024375000000000004
1647 0.0045833333333333334 0.0024375000000000004
1648 0.0047916666666666672 0.0024375000000000004
1649 0.0050000000000000001 0.0024375000000000004
1650 0 0.0024750000000000002
1651 0.00020833333333333335 0.0024750000000000002
1652 0.00041666666666666669 0.0024750000000000002
1653 0.00062500000000000001 0.0024750000000000002
1654 0.00083333333333333339 0.0024750000000000002
1655 0.0010416666666666667 0.0024750000000000002
1656 0.00125 0.0024750000000000002
1657 0.0014583333333333334 0.0024750000000000002
1658 0.0016666666666666668 0.0024750000000000002
1659 0.0018750000000000001 0.0024750000000000002
1660 0.0020833333333333333 0.0024750000000000002
1661 0.0022916666666666667 0.0024750000000000002
1662 0.0025000000000000001 0.0024750000000000002
1663 0.0027083333333333334 0.0024750000000000002
1664 0.0029166666666666668 0.0024750000000000002
1665 0.0031250000000000002 0.0024750000000000002
1666 0.0033333333333333335 0.0024750000000000002
1667 0.0035416666666666669 0.0024750000000000002
1668 0.0037500000000000003 0.0024750000000000002
1669 0.0039583333333333337 0.0024750000000000002
1670 0.0041666666666666666 0.0024750000000000002
1671 0.0043750000000000004 0.0024750000000000002
1672 0.0045833333333333334 0.0024750000000000002
1673 0.0047916666666666672 0.0024750000000000002
1674 0.0050000000000000001 0.0024750000000000002
1675 0 0.0025125000000000004
1676 0.00020833333333333335 0.0025125000000000004
1677 0.00041666666666666669 0.0025125000000000004
1678 0.00062500000000000001 0.0025125000000000004
1679 0.00083333333333333339 0.0025125000000000004
1680 0.0010416666666666667 0.0025125000000000004
1681 0.00125 0.0025125000000000004
1682 0.0014583333333333334 0.0025125000000000004
1683 0.0016666666666666668 0.0025125000000000004
1684 0.0018750000000000001 0.0025125000000000004
1685 0.0020833333333333333 0.0025125000000000004
1686 0.0022916666666666667 0.0025125000000000004
1687 0.0025000000000000001 0.0025125000000000004
1688 0.0027083333333333334 0.0025125000000000004
1689 0.0029166666666666668 0.0025125000000000004
1690 0.0031250000000000002 0.0025125000000000004
1691 0.0033333333333333335 0.0025125000000000004
1692 0.0035416666666666669 0.0025125000000000004
1693 0.0037500000000000003 0.0025125000000000004
1694 0.0039583333333333337 0.0025125000000000004
1695 0.0041666666666666666 0.0025125000000000004
1696 0.0043750000000000004 0.0025125000000000004
1697 0.0045833333333333334 0.0025125000000000004
1698 0.0047916666666666672 0.0025125000000000004
1699 0.0050000000000000001 0.0025125000000000004
1700 0 0.0025500000000000002
1701 0.00020833333333333335 0.0025500000000000002
1702 0.00041666666666666669 0.0025500000000000002
1703 0.00062500000000000001 0.0025500000000000002
1704 0.00083333333333333339 0.0025500000000000002
1705 0.0010416666666666667 0.0025500000000000002
1706 0.00125 0.0025500000000000002
1707 0.0014583333333333334 0.0025500000000000002
1708 0.0016666666666666668 0.0025500000000000002
1709 0.0018750000000000001 0.0025500000000000002
1710 0.0020833333333333333 0.0025500000000000002
1711 0.0022916666666666667 0.0025500000000000002
1712 0.0025000000000000001 0.0025500000000000002
1713 0.0027083333333333334 0.0025500000000000002
1714 0.0029166666666666668 0.0025500000000000002
1715 0.0031250000000000002 0.0025500000000000002
1716 0.0033333333333333335 0.0025500000000000002
1717 0.0035416666666666669 0.0025500000000000002
1718 0.0037500000000000003 0.0025500000000000002
1719 0.0039583333333333337 0.0025500000000000002
1720 0.0041666666666666666 0.0025500000000000002
1721 0.0043750000000000004 0.0025500000000000002
1722 0.0045833333333333334 0.0025500000000000002
1723 0.0047916666666666672 0.0025500000000000002
1724 0.0050000000000000001 0.0025500000000000002
1725 0 0.0025875000000000004
1726 0.00020833333333333335 0.0025875000000000004
1727 0.00041666666666666669 0.0025875000000000004
1728 0.00062500000000000001 0.0025875000000000004
1729 0.00083333333333333339 0.0025875000000000004
1730 0.0010416666666666667 0.0025875000000000004
1731 0.00125 0.0025875000000000004
1732 0.0014583333333333334 0.0025875000000000004
1733 0.0016666666666666668 0.0025875000000000004
1734 0.0018750000000000001 0.0025875000000000004
1735 0.0020833333333333333 0.0025875000000000004
1736 0.0022916666666666667 0.0025875000000000004
1737 0.0025000000000000001 0.0025875000000000004
1738 0.0027083333333333334 0.0025875000000000004
1739 0.0029166666666666668 0.0025875000000000004
1740 0.0031250000000000002 0.0025875000000000004
1741 0.0033333333333333335 0.0025875000000000004
1742 0.0035416666666666669 0.0025875000000000004
1743 0.0037500000000000003 0.0025875000000000004
1744 0.0039583333333333337 0.0025875000000000004
1745 0.0041666666666666666 0.0025875000000000004
1746 0.0043750000000000004 0.0025875000000000004
1747 0.0045833333333333334 0.0025875000000000004
1748 0.0047916666666666672 0.0025875000000000004
1749 0.0050000000000000001 0.0025875000000000004
1750 0 0.0026250000000000002
1751 0.00020833333333333335 0.0026250000000000002
1752 0.00041666666666666669 0.0026250000000000002
1753 0.00062500000000000001 0.0026250000000000002
1754 0.00083333333333333339 0.0026250000000000002
1755 0.0010416666666666667 0.0026250000000000002
1756 0.00125 0.0026250000000000002
1757 0.0014583333333333334 0.0026250000000000002
1758 0.0016666666666666668 0.0026250000000000002
1759 0.0018750000000000001 0.0026250000000000002
1760 0.0020833333333333333 0.0026250000000000002
1761 0.0022916666666666667 0.0026250000000000002
1762 0.0025000000000000001 0.0026250000000000002
1763 0.0027083333333333334 0.0026250000000000002
1764 0.0029166666666666668 0.0026250000000000002
1765 0.0031250000000000002 0.0026250000000000002
1766 0.0033333333333333335 0.0026250000000000002
1767 0.0035416666666666669 0.0026250000000000002
1768 0.0037500000000000003 0.0026250000000000002
1769 0.0039583333333333337 0.0026250000000000002
1770 0.0041666666666666666 0.0026250000000000002
1771 0.0043750000000000004 0.0026250000000000002
1772 0.0045833333333333334 0.0026250000000000002
1773 0.0047916666666666672 0.0026250000000000002
1774 0.0050000000000000001 0.0026250000000000002
1775 0 0.0026625000000000004
1776 0.00020833333333333335 0.0026625000000000004
1777 0.00041666666666666669 0.0026625000000000004
1778 0.00062500000000000001 0.0026625000000000004
1779 0.00083333333333333339 0.0026625000000000004
1780 0.0010416666666666667 0.0026625000000000004
1781 0.00125 0.0026625000000000004
1782 0.0014583333333333334 0.0026625000000000004
1783 0.0016666666666666668 0.0026625000000000004
1784 0.0018750000000000001 0.0026625000000000004
1785 0.0020833333333333333 0.0026625000000000004
1786 0.0022916666666666667 0.0026625000000000004
1787 0.0025000000000000001 0.0026625000000000004
1788 0.0027083333333333334 0.0026625000000000004
1789 0.0029166666666666668 0.0026625000000000004
1790 0.0031250000000000002 0.0026625000000000004
1791 0.0033333333333333335 0.0026625000000000004
1792 0.0035416666666666669 0.0026625000000000004
1793 0.0037500000000000003 0.0026625000000000004
1794 0.0039583333333333337 0.0026625000000000004
1795 0.0041666666666666666 0.0026625000000000004
1796 0.0043750000000000004 0.0026625000000000004
1797 0.0045833333333333334 0.0026625000000000004
1798 0.0047916666666666672 0.0026625000000000004
1799 0.0050000000000000001 0.0026625000000000004
1800 0 0.0027000000000000001
1801 0.00020833333333333335 0.0027000000000000001
1802 0.00041666666666666669 0.0027000000000000001
1803 0.00062500000000000001 0.0027000000000000001
1804 0.00083333333333333339 0.0027000000000000001
1805 0.0010416666666666667 0.0027000000000000001
1806 0.00125 0.0027000000000000001
1807 0.0014583333333333334 0.0027000000000000001
1808 0.0016666666666666668 0.0027000000000000001
1809 0.0018750000000000001 0.0027000000000000001
1810 0.0020833333333333333 0.0027000000000000001
1811 0.0022916666666666667 0.0027000000000000001
1812 0.0025000000000000001 0.0027000000000000001
1813 0.0027083333333333334 0.0027000000000000001
1814 0.0029166666666666668 0.0027000000000000001
1815 0.0031250000000000002 0.0027000000000000001
1816 0.0033333333333333335 0.0027000000000000001
1817 0.0035416666666666669 0.0027000000000000001
1818 0.0037500000000000003 0.0027000000000000001
1819 0.0039583333333333337 0.0027000000000000001
1820 0.0041666666666666666 0.0027000000000000001
1821 0.0043750000000000004 0.0027000000000000001
1822 0.0045833333333333334 0.0027000000000000001
1823 0.0047916666666666672 0.0027000000000000001
1824 0.0050000000000000001 0.0027000000000000001
1825 0 0.0027375000000000003
1826 0.00020833333333333335 0.0027375000000000003
1827 0.00041666666666666669 0.0027375000000000003
1828 0.00062500000000000001 0.0027375000000000003
1829 0.00083333333333333339 0.0027375000000000003
1830 0.0010416666666666667 0.0027375000000000003
1831 0.00125 0.0027375000000000003
1832 0.0014583333333333334 0.0027375000000000003
1833 0.0016666666666666668 0.0027375000000000003
1834 0.0018750000000000001 0.0027375000000000003
1835 0.0020833333333333333 0.0027375000000000003
1836 0.0022916666666666667 0.0027375000000000003
1837 0.0025000000000000001 0.0027375000000000003
1838 0.0027083333333333334 0.0027375000000000003
1839 0.0029166666666666668 0.0027375000000000003
1840 0.0031250000000000002 0.0027375000000000003
1841 0.0033333333333333335 0.0027375000000000003
1842 0.0035416666666666669 0.0027375000000000003
1843 0.0037500000000000003 0.0027375000000000003
1844 0.0039583333333333337 0.0027375000000000003
1845 0.0041666666666666666 0.0027375000000000003
1846 0.0043750000000000004 0.0027375000000000003
1847 0.0045833333333333334 0.0027375000000000003
1848 0.0047916666666666672 0.0027375000000000003
1849 0.0050000000000000001 0.0027375000000000003
1850 0 0.0027750000000000001
1851 0.00020833333333333335 0.0027750000000000001
1852 0.00041666666666666669 0.0027750000000000001
1853 0.00062500000000000001 0.0027750000000000001
1854 0.00083333333333333339 0.0027750000000000001
1855 0.0010416666666666667 0.0027750000000000001
1856 0.00125 0.0027750000000000001
1857 0.0014583333333333334 0.0027750000000000001
1858 0.0016666666666666668 0.0027750000000000001
1859 0.0018750000000000001 0.0027750000000000001
1860 0.0020833333333333333 0.0027750000000000001
1861 0.0022916666666666667 0.0027750000000000001
1862 0.0025000000000000001 0.0027750000000000001
1863 0.0027083333333333334 0.0027750000000000001
1864 0.0029166666666666668 0.0027750000000000001
1865 0.0031250000000000002 0.0027750000000000001
1866 0.0033333333333333335 0.0027750000000000001
1867 0.0035416666666666669 0.0027750000000000001
1868 0.0037500000000000003 0.0027750000000000001
1869 0.0039583333333333337 0.0027750000000000001
1870 0.0041666666666666666 0.0027750000000000001
1871 0.0043750000000000004 0.0027750000000000001
1872 0.0045833333333333334 0.0027750000000000001
1873 0.0047916666666666672 0.0027750000000000001
1874 0.0050000000000000001 0.0027750000000000001
1875 0 0.0028125000000000003
1876 0.00020833333333333335 0.0028125000000000003
1877 0.00041666666666666669 0.0028125000000000003
1878 0.00062500000000000001 0.0028125000000000003
1879 0.00083333333333333339 0.0028125000000000003
1880 0.0010416666666666667 0.0028125000000000003
1881 0.00125 0.0028125000000000003
1882 0.0014583333333333334 0.0028125000000000003
1883 0.0016666666666666668 0.0028125000000000003
1884 0.0018750000000000001 0.0028125000000000003
1885 0.0020833333333333333 0.0028125000000000003
1886 0.0022916666666666667 0.0028125000000000003
1887 0.0025000000000000001 0.0028125000000000003
1888 0.0027083333333333334 0.0028125000000000003
1889 0.0029166666666666668 0.0028125000000000003
1890 0.0031250000000000002 0.0028125000000000003
1891 0.0033333333333333335 0.0028125000000000003
1892 0.0035416666666666669 0.0028125000000000003
1893 0.0037500000000000003 0.0028125000000000003
1894 0.0039583333333333337 0.0028125000000000003
1895 0.0041666666666666666 0.0028125000000000003
1896 0.0043750000000000004 0.0028125000000000003
1897 0.0045833333333333334 0.0028125000000000003
1898 0.0047916666666666672 0.0028125000000000003
1899 0.0050000000000000001 0.0028125000000000003
1900 0 0.0028500000000000001
1901 0.00020833333333333335 0.0028500000000000001
1902 0.00041666666666666669 0.0028500000000000001
1903 0.00062500000000000001 0.0028500000000000001
1904 0.00083333333333333339 0.0028500000000000001
1905 0.0010416666666666667 0.0028500000000000001
1906 0.00125 0.0028500000000000001
1907 0.0014583333333333334 0.0028500000000000001
1908 0.0016666666666666668 0.0028500000000000001
1909 0.0018750000000000001 0.0028500000000000001
1910 0.0020833333333333333 0.0028500000000000001
1911 0.0022916666666666667 0.0028500000000000001
1912 0.0025000000000000001 0.0028500000000000001
1913 0.0027083333333333334 0.0028500000000000001
1914 0.0029166666666666668 0.0028500000000000001
1915 0.0031250000000000002 0.0028500000000000001
1916 0.0033333333333333335 0.0028500000000000001
1917 0.0035416666666666669 0.0028500000000000001
1918 0.0037500000000000003 0.0028500000000000001
1919 0.0039583333333333337 0.0028500000000000001
1920 0.0041666666666666666 0.0028500000000000001
1921 0.0043750000000000004 0.0028500000000000001
1922 0.0045833333333333334 0.0028500000000000001
1923 0.0047916666666666672 0.0028500000000000001
1924 0.0050000000000000001 0.0028500000000000001
1925 0 0.0028875000000000003
1926 0.00020833333333333335 0.0028875000000000003
1927 0.00041666666666666669 0.0028875000000000003
1928 0.00062500000000000001 0.0028875000000000003
1929 0.00083333333333333339 0.0028875000000000003
1930 0.0010416666666666667 0.0028875000000000003
1931 0.00125 0.0028875000000000003
1932 0.0014583333333333334 0.0028875000000000003
1933 0.0016666666666666668 0.0028875000000000003
1934 0.0018750000000000001 0.0028875000000000003
1935 0.0020833333333333333 0.0028875000000000003
1936 0.0022916666666666667 0.0028875000000000003
1937 0.0025000000000000001 0.0028875000000000003
1938 0.0027083333333333334 0.0028875000000000003
1939 0.0029166666666666668 0.0028875000000000003
1940 0.0031250000000000002 0.0028875000000000003
1941 0.0033333333333333335 0.0028875000000000003
1942 0.0035416666666666669 0.0028875000000000003
1943 0.0037500000000000003 0.0028875000000000003
1944 0.0039583333333333337 0.0028875000000000003
1945 0.0041666666666666666 0.0028875000000000003
1946 0.0043750000000000004 0.0028875000000000003
1947 0.0045833333333333334 0.0028875000000000003
1948 0.0047916666666666672 0.0028875000000000003
1949 0.0050000000000000001 0.0028875000000000003
1950 0 0.0029250000000000001
1951 0.00020833333333333335 0.0029250000000000001
1952 0.00041666666666666669 0.0029250000000000001
1953 0.00062500000000000001 0.0029250000000000001
1954 0.00083333333333333339 0.0029250000000000001
1955 0.0010416666666666667 0.0029250000000000001
1956 0.00125 0.0029250000000000001
1957 0.0014583333333333334 0.0029250000000000001
1958 0.0016666666666666668 0.0029250000000000001
1959 0.0018750000000000001 0.0029250000000000001
1960 0.0020833333333333333 0.0029250000000000001
1961 0.0022916666666666667 0.0029250000000000001
1962 0.0025000000000000001 0.0029250000000000001
1963 0.0027083333333333334 0.0029250000000000001
1964 0.0029166666666666668 0.0029250000000000001
1965 0.0031250000000000002 0.0029250000000000001
1966 0.0033333333333333335 0.0029250000000000001
1967 0.0035416666666666669 0.0029250000000000001
1968 0.0037500000000000003 0.0029250000000000001
1969 0.0039583333333333337 0.0029250000000000001
1970 0.0041666666666666666 0.0029250000000000001
1971 0.0043750000000000004 0.0029250000000000001
1972 0.0045833333333333334 0.0029250000000000001
1973 0.0047916666666666672 0.0029250000000000001
1974 0.0050000000000000001 0.0029250000000000001
1975 0 0.0029625000000000003
1976 0.00020833333333333335 0.0029625000000000003
1977 0.00041666666666666669 0.0029625000000000003
1978 0.00062500000000000001 0.0029625000000000003
1979 0.00083333333333333339 0.0029625000000000003
1980 0.0010416666666666667 0.0029625000000000003
1981 0.00125 0.0029625000000000003
1982 0.0014583333333333334 0.0029625000000000003
1983 0.0016666666666666668 0.0029625000000000003
1984 0.0018750000000000001 0.0029625000000000003
1985 0.0020833333333333333 0.0029625000000000003
1986 0.0022916666666666667 0.0029625000000000003
1987 0.0025000000000000001 0.0029625000000000003
1988 0.0027083333333333334 0.0029625000000000003
1989 0.0029166666666666668 0.0029625000000000003
1990 0.0031250000000000002 0.0029625000000000003
1991 0.0033333333333333335 0.0029625000000000003
1992 0.0035416666666666669 0.0029625000000000003
1993 0.0037500000000000003 0.0029625000000000003
1994 0.0039583333333333337 0.0029625000000000003
1995 0.0041666666666666666 0.0029625000000000003
1996 0.0043750000000000004 0.0029625000000000003
1997 0.0045833333333333334 0.0029625000000000003
1998 0.0047916666666666672 0.0029625000000000003
1999 0.0050000000000000001 0.0029625000000000003
2000 0 0.0030000000000000001
2001 0.00020833333333333335 0.0030000000000000001
2002 0.00041666666666666669 0.0030000000000000001
2003 0.00062500000000000001 0.0030000000000000001
2004 0.00083333333333333339 0.0030000000000000001
2005 0.0010416666666666667 0.0030000000000000001
2006 0.00125 0.0030000000000000001
2007 0.0014583333333333334 0.0030000000000000001
2008 0.0016666666666666668 0.0030000000000000001
2009 0.0018750000000000001 0.0030000000000000001
2010 0.0020833333333333333 0.0030000000000000001
2011 0.0022916666666666667 0.0030000000000000001
2012 0.0025000000000000001 0.0030000000000000001
2013 0.0027083333333333334 0.0030000000000000001
2014 0.0029166666666666668 0.0030000000000000001
2015 0.0031250000000000002 0.0030000000000000001
2016 0.0033333333333333335 0.0030000000000000001
2017 0.0035416666666666669 0.0030000000000000001
2018 0.0037500000000000003 0.0030000000000000001
2019 0.0039583333333333337 0.0030000000000000001
2020 0.0041666666666666666 0.0030000000000000001
2021 0.0043750000000000004 0.0030000000000000001
2022 0.0045833333333333334 0.0030000000000000001
2023 0.0047916666666666672 0.0030000000000000001
2024 0.0050000000000000001 0.0030000000000000001
2025 0 0.0030375000000000003
2026 0.00020833333333333335 0.0030375000000000003
2027 0.00041666666666666669 0.0030375000000000003
2028 0.00062500000000000001 0.0030375000000000003
2029 0.00083333333333333339 0.0030375000000000003
2030 0.0010416666666666667 0.0030375000000000003
2031 0.00125 0.0030375000000000003
2032 0.0014583333333333334 0.0030375000000000003
2033 0.0016666666666666668 0.0030375000000000003
2034 0.0018750000000000001 0.0030375000000000003
2035 0.0020833333333333333 0.0030375000000000003
2036 0.0022916666666666667 0.0030375000000000003
2037 0.0025000000000000001 0.0030375000000000003
2038 0.0027083333333333334 0.0030375000000000003
2039 0.0029166666666666668 0.0030375000000000003
2040 0.0031250000000000002 0.0030375000000000003
2041 0.0033333333333333335 0.0030375000000000003
2042 0.0035416666666666669 0.0030375000000000003
2043 0.0037500000000000003 0.0030375000000000003
2044 0.0039583333333333337 0.0030375000000000003
2045 0.0041666666666666666 0.0030375000000000003
2046 0.0043750000000000004 0.0030375000000000003
2047 0.0045833333333333334 0.0030375000000000003
2048 0.0047916666666666672 0.0030375000000000003
2049 0.0050000000000000001 0.0030375000000000003
2050 0 0.0030750000000000005
2051 0.00020833333333333335 0.0030750000000000005
2052 0.00041666666666666669 0.0030750000000000005
2053 0.00062500000000000001 0.0030750000000000005
2054 0.00083333333333333339 0.0030750000000000005
2055 0.0010416666666666667 0.0030750000000000005
2056 0.00125 0.0030750000000000005
2057 0.0014583333333333334 0.0030750000000000005
2058 0.0016666666666666668 0.0030750000000000005
2059 0.0018750000000000001 0.0030750000000000005
2060 0.0020833333333333333 0.0030750000000000005
2061 0.0022916666666666667 0.0030750000000000005
2062 0.0025000000000000001 0.0030750000000000005
2063 0.0027083333333333334 0.0030750000000000005
2064 0.0029166666666666668 0.0030750000000000005
2065 0.0031250000000000002 0.0030750000000000005
2066 0.0033333333333333335 0.0030750000000000005
2067 0.0035416666666666669 0.0030750000000000005
2068 0.0037500000000000003 0.0030750000000000005
2069 0.0039583333333333337 0.0030750000000000005
2070 0.0041666666666666666 0.0030750000000000005
2071 0.0043750000000000004 0.0030750000000000005
2072 0.0045833333333333334 0.0030750000000000005
2073 0.0047916666666666672 0.0030750000000000005
2074 0.0050000000000000001 0.0030750000000000005
2075 0 0.0031125000000000002
2076 0.00020833333333333335 0.0031125000000000002
2077 0.00041666666666666669 0.0031125000000000002
2078 0.00062500000000000001 0.0031125000000000002
2079 0.00083333333333333339 0.0031125000000000002
2080 0.0010416666666666667 0.0031125000000000002
2081 0.00125 0.0031125000000000002
2082 0.0014583333333333334 0.0031125000000000002
2083 0.0016666666666666668 0.0031125000000000002
2084 0.0018750000000000001 0.0031125000000000002
2085 0.0020833333333333333 0.0031125000000000002
2086 0.0022916666666666667 0.0031125000000000002
2087 0.0025000000000000001 0.0031125000000000002
2088 0.0027083333333333334 0.0031125000000000002
2089 0.0029166666666666668 0.0031125000000000002
2090 0.0031250000000000002 0.0031125000000000002
2091 0.0033333333333333335 0.0031125000000000002
2092 0.0035416666666666669 0.0031125000000000002
2093 0.0037500000000000003 0.0031125000000000002
2094 0.0039583333333333337 0.0031125000000000002
2095 0.0041666666666666666 0.0031125000000000002
2096 0.0043750000000000004 0.0031125000000000002
2097 0.0045833333333333334 0.0031125000000000002
2098 0.0047916666666666672 0.0031125000000000002
2099 0.0050000000000000001 0.0031125000000000002
2100 0 0.0031500000000000005
2101 0.00020833333333333335 0.0031500000000000005
2102 0.00041666666666666669 0.0031500000000000005
2103 0.00062500000000000001 0.0031500000000000005
2104 0.00083333333333333339 0.0031500000000000005
2105 0.0010416666666666667 0.0031500000000000005
2106 0.00125 0.0031500000000000005
2107 0.0014583333333333334 0.0031500000000000005
2108 0.0016666666666666668 0.0031500000000000005
2109 0.0018750000000000001 0.0031500000000000005
2110 0.0020833333333333333 0.0031500000000000005
2111 0.0022916666666666667 0.0031500000000000005
2112 0.0025000000000000001 0.0031500000000000005
2113 0.0027083333333333334 0.0031500000000000005
2114 0.0029166666666666668 0.0031500000000000005
2115 0.0031250000000000002 0.0031500000000000005
2116 0.0033333333333333335 0.0031500000000000005
2117 0.0035416666666666669 0.0031500000000000005
2118 0.0037500000000000003 0.0031500000000000005
2119 0.0039583333333333337 0.0031500000000000005
2120 0.0041666666666666666 0.0031500000000000005
2121 0.0043750000000000004 0.0031500000000000005
2122 0.0045833333333333334 0.0031500000000000005
2123 0.0047916666666666672 0.0031500000000000005
2124 0.0050000000000000001 0.0031500000000000005
2125 0 0.0031875000000000002
2126 0.00020833333333333335 0.0031875000000000002
2127 0.00041666666666666669 0.0031875000000000002
2128 0.00062500000000000001 0.0031875000000000002
2129 0.00083333333333333339 0.0031875000000000002
2130 0.0010416666666666667 0.0031875000000000002
2131 0.00125 0.0031875000000000002
2132 0.0014583333333333334 0.0031875000000000002
2133 0.0016666666666666668 0.0031875000000000002
2134 0.0018750000000000001 0.0031875000000000002
2135 0.0020833333333333333 0.0031875000000000002
2136 0.0022916666666666667 0.0031875000000000002
2137 0.0025000000000000001 0.0031875000000000002
2138 0.0027083333333333334 0.0031875000000000002
2139 0.0029166666666666668 0.0031875000000000002
2140 0.0031250000000000002 0.0031875000000000002
2141 0.0033333333333333335 0.0031875000000000002
2142 0.0035416666666666669 0.0031875000000000002
2143 0.0037500000000000003 0.0031875000000000002
2144 0.0039583333333333337 0.0031875000000000002
2145 0.0041666666666666666 0.0031875000000000002
2146 0.0043750000000000004 0.0031875000000000002
2147 0.0045833333333333334 0.0031875000000000002
2148 0.0047916666666666672 0.0031875000000000002
2149 0.0050000000000000001 0.0031875000000000002
2150 0 0.0032250000000000004
2151 0.00020833333333333335 0.0032250000000000004
2152 0.00041666666666666669 0.0032250000000000004
2153 0.00062500000000000001 0.0032250000000000004
2154 0.00083333333333333339 0.0032250000000000004
2155 0.0010416666666666667 0.0032250000000000004
2156 0.00125 0.0032250000000000004
2157 0.0014583333333333334 0.0032250000000000004
2158 0.0016666666666666668 0.0032250000000000004
2159 0.0018750000000000001 0.0032250000000000004
2160 0.0020833333333333333 0.0032250000000000004
2161 0.0022916666666666667 0.0032250000000000004
2162 0.0025000000000000001 0.0032250000000000004
2163 0.0027083333333333334 0.0032250000000000004
2164 0.0029166666666666668 0.0032250000000000004
2165 0.0031250000000000002 0.0032250000000000004
2166 0.0033333333333333335 0.0032250000000000004
2167 0.0035416666666666669 0.0032250000000000004
2168 0.0037500000000000003 0.0032250000000000004
2169 0.0039583333333333337 0.0032250000000000004
2170 0.0041666666666666666 0.0032250000000000004
2171 0.0043750000000000004 0.0032250000000000004
2172 0.0045833333333333334 0.0032250000000000004
2173 0.0047916666666666672 0.0032250000000000004
2174 0.0050000000000000001 0.0032250000000000004
2175 0 0.0032625000000000002
2176 0.00020833333333333335 0.0032625000000000002
2177 0.00041666666666666669 0.0032625000000000002
2178 0.00062500000000000001 0.0032625000000000002
2179 0.00083333333333333339 0.0032625000000000002
2180 0.0010416666666666667 0.0032625000000000002
2181 0.00125 0.0032625000000000002
2182 0.0014583333333333334 0.0032625000000000002
2183 0.0016666666666666668 0.0032625000000000002
2184 0.0018750000000000001 0.0032625000000000002
2185 0.0020833333333333333 0.0032625000000000002
2186 0.0022916666666666667 0.0032625000000000002
2187 0.0025000000000000001 0.0032625000000000002
2188 0.0027083333333333334 0.0032625000000000002
2189 0.0029166666666666668 0.0032625000000000002
2190 0.0031250000000000002 0.0032625000000000002
2191 0.0033333333333333335 0.0032625000000000002
2192 0.0035416666666666669 0.0032625000000000002
2193 0.0037500000000000003 0.0032625000000000002
2194 0.0039583333333333337 0.0032625000000000002
2195 0.0041666666666666666 0.0032625000000000002
2196 0.0043750000000000004 0.0032625000000000002
2197 0.0045833333333333334 0.0032625000000000002
2198 0.0047916666666666672 0.0032625000000000002
2199 0.0050000000000000001 0.0032625000000000002
2200 0 0.0033000000000000004
2201 0.00020833333333333335 0.0033000000000000004
2202 0.00041666666666666669 0.0033000000000000004
2203 0.00062500000000000001 0.0033000000000000004
2204 0.00083333333333333339 0.0033000000000000004
2205 0.0010416666666666667 0.0033000000000000004
2206 0.00125 0.0033000000000000004
2207 0.0014583333333333334 0.0033000000000000004
2208 0.0016666666666666668 0.0033000000000000004
2209 0.0018750000000000001 0.0033000000000000004
2210 0.0020833333333333333 0.0033000000000000004
2211 0.0022916666666666667 0.0033000000000000004
2212 0.0025000000000000001 0.0033000000000000004
2213 0.0027083333333333334 0.0033000000000000004
2214 0.0029166666666666668 0.0033000000000000004
2215 0.0031250000000000002 0.0033000000000000004
2216 0.0033333333333333335 0.0033000000000000004
2217 0.0035416666666666669 0.0033000000000000004
2218 0.0037500000000000003 0.0033000000000000004
2219 0.0039583333333333337 0.0033000000000000004
2220 0.0041666666666666666 0.0033000000000000004
2221 0.0043750000000000004 0.0033000000000000004
2222 0.0045833333333333334 0.0033000000000000004
2223 0.0047916666666666672 0.0033000000000000004
2224 0.0050000000000000001 0.0033000000000000004
2225 0 0.0033375000000000002
2226 0.00020833333333333335 0.0033375000000000002
2227 0.00041666666666666669 0.0033375000000000002
2228 0.00062500000000000001 0.0033375000000000002
2229 0.00083333333333333339 0.0033375000000000002
2230 0.0010416666666666667 0.0033375000000000002
2231 0.00125 0.0033375000000000002
2232 0.0014583333333333334 0.0033375000000000002
2233 0.0016666666666666668 0.0033375000000000002
2234 0.0018750000000000001 0.0033375000000000002
2235 0.0020833333333333333 0.0033375000000000002
2236 0.0022916666666666667 0.0033375000000000002
2237 0.0025000000000000001 0.0033375000000000002
2238 0.0027083333333333334 0.0033375000000000002
2239 0.0029166666666666668 0.0033375000000000002
2240 0.0031250000000000002 0.0033375000000000002
2241 0.0033333333333333335 0.0033375000000000002
2242 0.0035416666666666669 0.0033375000000000002
2243 0.0037500000000000003 0.0033375000000000002
2244 0.0039583333333333337 0.0033375000000000002
2245 0.0041666666666666666 0.0033375000000000002
2246 0.0043750000000000004 0.0033375000000000002
2247 0.0045833333333333334 0.0033375000000000002
2248 0.0047916666666666672 0.0033375000000000002
2249 0.0050000000000000001 0.0033375000000000002
2250 0 0.0033750000000000004
2251 0.00020833333333333335 0.0033750000000000004
2252 0.00041666666666666669 0.0033750000000000004
2253 0.00062500000000000001 0.0033750000000000004
2254 0.00083333333333333339 0.0033750000000000004
2255 0.0010416666666666667 0.0033750000000000004
2256 0.00125 0.0033750000000000004
2257 0.0014583333333333334 0.0033750000000000004
2258 0.0016666666666666668 0.0033750000000000004
2259 0.0018750000000000001 0.0033750000000000004
2260 0.0020833333333333333 0.0033750000000000004
2261 0.0022916666666666667 0.0033750000000000004
2262 0.0025000000000000001 0.0033750000000000004
2263 0.0027083333333333334 0.0033750000000000004
2264 0.0029166666666666668 0.0033750000000000004
2265 0.0031250000000000002 0.0033750000000000004
2266 0.0033333333333333335 0.0033750000000000004
2267 0.0035416666666666669 0.0033750000000000004
2268 0.0037500000000000003 0.0033750000000000004
2269 0.0039583333333333337 0.0033750000000000004
2270 0.0041666666666666666 0.0033750000000000004
2271 0.0043750000000000004 0.0033750000000000004
2272 0.0045833333333333334 0.0033750000000000004
2273 0.0047916666666666672 0.0033750000000000004
2274 0.0050000000000000001 0.0033750000000000004
2275 0 0.0034125000000000002
2276 0.00020833333333333335 0.0034125000000000002
2277 0.00041666666666666669 0.0034125000000000002
2278 0.00062500000000000001 0.0034125000000000002
2279 0.00083333333333333339 0.0034125000000000002
2280 0.0010416666666666667 0.0034125000000000002
2281 0.00125 0.0034125000000000002
2282 0.0014583333333333334 0.0034125000000000002
2283 0.0016666666666666668 0.0034125000000000002
2284 0.0018750000000000001 0.0034125000000000002
2285 0.0020833333333333333 0.0034125000000000002
2286 0.0022916666666666667 0.0034125000000000002
2287 0.0025000000000000001 0.0034125000000000002
2288 0.0027083333333333334 0.0034125000000000002
2289 0.0029166666666666668 0.0034125000000000002
2290 0.0031250000000000002 0.0034125000000000002
2291 0.0033333333333333335 0.0034125000000000002
2292 0.0035416666666666669 0.0034125000000000002
2293 0.0037500000000000003 0.0034125000000000002
2294 0.0039583333333333337 0.0034125000000000002
2295 0.0041666666666666666 0.0034125000000000002
2296 0.0043750000000000004 0.0034125000000000002
2297 0.0045833333333333334 0.0034125000000000002
2298 0.0047916666666666672 0.0034125000000000002
2299 0.0050000000000000001 0.0034125000000000002
2300 0 0.0034500000000000004
2301 0.00020833333333333335 0.0034500000000000004
2302 0.00041666666666666669 0.0034500000000000004
2303 0.00062500000000000001 0.0034500000000000004
2304 0.00083333333333333339 0.0034500000000000004
2305 0.0010416666666666667 0.0034500000000000004
2306 0.00125 0.0034500000000000004
2307 0.0014583333333333334 0.0034500000000000004
2308 0.0016666666666666668 0.0034500000000000004
2309 0.0018750000000000001 0.0034500000000000004
2310 0.0020833333333333333 0.0034500000000000004
2311 0.0022916666666666667 0.0034500000000000004
2312 0.0025000000000000001 0.0034500000000000004
2313 0.0027083333333333334 0.0034500000000000004
2314 0.0029166666666666668 0.0034500000000000004
2315 0.0031250000000000002 0.0034500000000000004
2316 0.0033333333333333335 0.0034500000000000004
2317 0.0035416666666666669 0.0034500000000000004
2318 0.0037500000000000003 0.0034500000000000004
2319 0.0039583333333333337 0.0034500000000000004
2320 0.0041666666666666666 0.0034500000000000004
2321 0.0043750000000000004 0.0034500000000000004
2322 0.0045833333333333334 0.0034500000000000004
2323 0.0047916666666666672 0.0034500000000000004
2324 0.0050000000000000001 0.0034500000000000004
2325 0 0.0034875000000000001
2326 0.00020833333333333335 0.0034875000000000001
2327 0.00041666666666666669 0.0034875000000000001
2328 0.00062500000000000001 0.0034875000000000001
2329 0.00083333333333333339 0.0034875000000000001
2330 0.0010416666666666667 0.0034875000000000001
2331 0.00125 0.0034875000000000001
2332 0.0014583333333333334 0.0034875000000000001
2333 0.0016666666666666668 0.0034875000000000001
2334 0.0018750000000000001 0.0034875000000000001
2335 0.0020833333333333333 0.0034875000000000001
2336 0.0022916666666666667 0.0034875000000000001
2337 0.0025000000000000001 0.0034875000000000001
2338 0.0027083333333333334 0.0034875000000000001
2339 0.0029166666666666668 0.0034875000000000001
2340 0.0031250000000000002 0.0034875000000000001
2341 0.0033333333333333335 0.0034875000000000001
2342 0.0035416666666666669 0.0034875000000000001
2343 0.0037500000000000003 0.0034875000000000001
2344 0.0039583333333333337 0.0034875000000000001
2345 0.0041666666666666666 0.0034875000000000001
2346 0.0043750000000000004 0.0034875000000000001
2347 0.0045833333333333334 0.0034875000000000001
2348 0.0047916666666666672 0.0034875000000000001
2349 0.0050000000000000001 0.0034875000000000001
2350 0 0.0035250000000000004
2351 0.00020833333333333335 0.0035250000000000004
2352 0.00041666666666666669 0.0035250000000000004
2353 0.00062500000000000001 0.0035250000000000004
2354 0.00083333333333333339 0.0035250000000000004
2355 0.0010416666666666667 0.0035250000000000004
2356 0.00125 0.0035250000000000004
2357 0.0014583333333333334 0.0035250000000000004
2358 0.0016666666666666668 0.0035250000000000004
2359 0.0018750000000000001 0.0035250000000000004
2360 0.0020833333333333333 0.0035250000000000004
2361 0.0022916666666666667 0.0035250000000000004
2362 0.0025000000000000001 0.0035250000000000004
2363 0.0027083333333333334 0.0035250000000000004
2364 0.0029166666666666668 0.0035250000000000004
2365 0.0031250000000000002 0.0035250000000000004
2366 0.0033333333333333335 0.0035250000000000004
2367 0.0035416666666666669 0.0035250000000000004
2368 0.0037500000000000003 0.0035250000000000004
2369 0.0039583333333333337 0.0035250000000000004
2370 0.0041666666666666666 0.0035250000000000004
2371 0.0043750000000000004 0.0035250000000000004
2372 0.0045833333333333334 0.0035250000000000004
2373 0.0047916666666666672 0.0035250000000000004
2374 0.0050000000000000001 0.0035250000000000004
2375 0 0.0035625000000000001
2376 0.00020833333333333335 0.0035625000000000001
2377 0.00041666666666666669 0.0035625000000000001
2378 0.00062500000000000001 0.0035625000000000001
2379 0.00083333333333333339 0.0035625000000000001
2380 0.0010416666666666667 0.0035625000000000001
2381 0.00125 0.0035625000000000001
2382 0.0014583333333333334 0.0035625000000000001
2383 0.0016666666666666668 0.0035625000000000001
2384 0.0018750000000000001 0.0035625000000000001
2385 0.0020833333333333333 0.0035625000000000001
2386 0.0022916666666666667 0.0035625000000000001
2387 0.0025000000000000001 0.0035625000000000001
2388 0.0027083333333333334 0.0035625000000000001
2389 0.0029166666666666668 0.0035625000000000001
2390 0.0031250000000000002 0.0035625000000000001
2391 0.0033333333333333335 0.0035625000000000001
2392 0.0035416666666666669 0.0035625000000000001
2393 0.0037500000000000003 0.0035625000000000001
2394 0.0039583333333333337 0.0035625000000000001
2395 0.0041666666666666666 0.0035625000000000001
2396 0.0043750000000000004 0.0035625000000000001
2397 0.0045833333333333334 0.0035625000000000001
2398 0.0047916666666666672 0.0035625000000000001
2399 0.0050000000000000001 0.0035625000000000001
2400 0 0.0036000000000000003
2401 0.00020833333333333335 0.0036000000000000003
2402 0.00041666666666666669 0.0036000000000000003
2403 0.00062500000000000001 0.0036000000000000003
2404 0.00083333333333333339 0.0036000000000000003
2405 0.0010416666666666667 0.0036000000000000003
2406 0.00125 0.0036000000000000003
2407 0.0014583333333333334 0.0036000000000000003
2408 0.0016666666666666668 0.0036000000000000003
2409 0.0018750000000000001 0.0036000000000000003
2410 0.0020833333333333333 0.0036000000000000003
2411 0.0022916666666666667 0.0036000000000000003
2412 0.0025000000000000001 0.0036000000000000003
2413 0.0027083333333333334 0.0036000000000000003
2414 0.0029166666666666668 0.0036000000000000003
2415 0.0031250000000000002 0.0036000000000000003
2416 0.0033333333333333335 0.0036000000000000003
2417 0.0035416666666666669 0.0036000000000000003
2418 0.0037500000000000003 0.0036000000000000003
2419 0.0039583333333333337 0.0036000000000000003
2420 0.0041666666666666666 0.0036000000000000003
2421 0.0043750000000000004 0.0036000000000000003
2422 0.0045833333333333334 0.0036000000000000003
2423 0.0047916666666666672 0.0036000000000000003
2424 0.0050000000000000001 0.0036000000000000003
2425 0 0.0036375000000000005
2426 0.00020833333333333335 0.0036375000000000005
2427 0.00041666666666666669 0.0036375000000000005
2428 0.00062500000000000001 0.0036375000000000005
2429 0.00083333333333333339 0.0036375000000000005
2430 0.0010416666666666667 0.0036375000000000005
2431 0.00125 0.0036375000000000005
2432 0.0014583333333333334 0.0036375000000000005
2433 0.0016666666666666668 0.0036375000000000005
2434 0.0018750000000000001 0.0036375000000000005
2435 0.0020833333333333333 0.0036375000000000005
2436 0.0022916666666666667 0.0036375000000000005
2437 0.0025000000000000001 0.0036375000000000005
2438 0.0027083333333333334 0.0036375000000000005
2439 0.0029166666666666668 0.0036375000000000005
2440 0.0031250000000000002 0.0036375000000000005
2441 0.0033333333333333335 0.0036375000000000005
2442 0.0035416666666666669 0.0036375000000000005
2443 0.0037500000000000003 0.0036375000000000005
2444 0.0039583333333333337 0.0036375000000000005
2445 0.0041666666666666666 0.0036375000000000005
2446 0.0043750000000000004 0.0036375000000000005
2447 0.0045833333333333334 0.0036375000000000005
2448 0.0047916666666666672 0.0036375000000000005
2449 0.0050000000000000001 0.0036375000000000005
2450 0 0.0036750000000000003
2451 0.00020833333333333335 0.0036750000000000003
2452 0.00041666666666666669 0.0036750000000000003
2453 0.00062500000000000001 0.0036750000000000003
2454 0.00083333333333333339 0.0036750000000000003
2455 0.0010416666666666667 0.0036750000000000003
2456 0.00125 0.0036750000000000003
2457 0.0014583333333333334 0.0036750000000000003
2458 0.0016666666666666668 0.0036750000000000003
2459 0.0018750000000000001 0.0036750000000000003
2460 0.0020833333333333333 0.0036750000000000003
2461 0.0022916666666666667 0.0036750000000000003
2462 0.0025000000000000001 0.0036750000000000003
2463 0.0027083333333333334 0.0036750000000000003
2464 0.0029166666666666668 0.0036750000000000003
2465 0.0031250000000000002 0.0036750000000000003
2466 0.0033333333333333335 0.0036750000000000003
2467 0.0035416666666666669 0.0036750000000000003
2468 0.0037500000000000003 0.0036750000000000003
2469 0.0039583333333333337 0.0036750000000000003
2470 0.0041666666666666666 0.0036750000000000003
2471 0.0043750000000000004 0.0036750000000000003
2472 0.0045833333333333334 0.0036750000000000003
2473 0.0047916666666666672 0.0036750000000000003
2474 0.0050000000000000001 0.0036750000000000003
2475 0 0.0037125000000000005
2476 0.00020833333333333335 0.0037125000000000005
2477 0.00041666666666666669 0.0037125000000000005
2478 0.00062500000000000001 0.0037125000000000005
2479 0.00083333333333333339 0.0037125000000000005
2480 0.0010416666666666667 0.0037125000000000005
2481 0.00125 0.0037125000000000005
2482 0.0014583333333333334 0.0037125000000000005
2483 0.0016666666666666668 0.0037125000000000005
2484 0.0018750000000000001 0.0037125000000000005
2485 0.0020833333333333333 0.0037125000000000005
2486 0.0022916666666666667 0.0037125000000000005
2487 0.0025000000000000001 0.0037125000000000005
2488 0.0027083333333333334 0.0037125000000000005
2489 0.0029166666666666668 0.0037125000000000005
2490 0.0031250000000000002 0.0037125000000000005
2491 0.0033333333333333335 0.0037125000000000005
2492 0.0035416666666666669 0.0037125000000000005
2493 0.0037500000000000003 0.0037125000000000005
2494 0.0039583333333333337 0.0037125000000000005
2495 0.0041666666666666666 0.0037125000000000005
2496 0.0043750000000000004 0.0037125000000000005
2497 0.0045833333333333334 0.0037125000000000005
2498 0.0047916666666666672 0.0037125000000000005
2499 0.0050000000000000001 0.0037125000000000005
2500 0 0.0037500000000000003
2501 0.00020833333333333335 0.0037500000000000003
2502 0.00041666666666666669 0.0037500000000000003
2503 0.00062500000000000001 0.0037500000000000003
2504 0.00083333333333333339 0.0037500000000000003
2505 0.0010416666666666667 0.0037500000000000003
2506 0.00125 0.0037500000000000003
2507 0.0014583333333333334 0.0037500000000000003
2508 0.0016666666666666668 0.0037500000000000003
2509 0.0018750000000000001 0.0037500000000000003
2510 0.0020833333333333333 0.0037500000000000003
2511 0.0022916666666666667 0.0037500000000000003
2512 0.0025000000000000001 0.0037500000000000003
2513 0.0027083333333333334 0.0037500000000000003
2514 0.0029166666666666668 0.0037500000000000003
2515 0.0031250000000000002 0.0037500000000000003
2516 0.0033333333333333335 0.0037500000000000003
2517 0.0035416666666666669 0.0037500000000000003
2518 0.0037500000000000003 0.0037500000000000003
2519 0.0039583333333333337 0.0037500000000000003
2520 0.0041666666666666666 0.0037500000000000003
2521 0.0043750000000000004 0.0037500000000000003
2522 0.0045833333333333334 0.0037500000000000003
2523 0.0047916666666666672 0.0037500000000000003
2524 0.0050000000000000001 0.0037500000000000003
2525 0 0.0037875000000000005
2526 0.00020833333333333335 0.0037875000000000005
2527 0.00041666666666666669 0.0037875000000000005
2528 0.00062500000000000001 0.0037875000000000005
2529 0.00083333333333333339 0.0037875000000000005
2530 0.0010416666666666667 0.0037875000000000005
2531 0.00125 0.0037875000000000005
2532 0.0014583333333333334 0.0037875000000000005
2533 0.0016666666666666668 0.0037875000000000005
2534 0.0018750000000000001 0.0037875000000000005
2535 0.0020833333333333333 0.0037875000000000005
2536 0.0022916666666666667 0.0037875000000000005
2537 0.0025000000000000001 0.0037875000000000005
2538 0.0027083333333333334 0.0037875000000000005
2539 0.0029166666666666668 0.0037875000000000005
2540 0.0031250000000000002 0.0037875000000000005
2541 0.0033333333333333335 0.0037875000000000005
2542 0.0035416666666666669 0.0037875000000000005
2543 0.0037500000000000003 0.0037875000000000005
2544 0.0039583333333333337 0.0037875000000000005
2545 0.0041666666666666666 0.0037875000000000005
2546 0.0043750000000000004 0.0037875000000000005
2547 0.0045833333333333334 0.0037875000000000005
2548 0.0047916666666666672 0.0037875000000000005
2549 0.0050000000000000001 0.0037875000000000005
2550 0 0.0038250000000000003
2551 0.00020833333333333335 0.0038250000000000003
2552 0.00041666666666666669 0.0038250000000000003
2553 0.00062500000000000001 0.0038250000000000003
2554 0.00083333333333333339 0.0038250000000000003
2555 0.0010416666666666667 0.0038250000000000003
2556 0.00125 0.0038250000000000003
2557 0.0014583333333333334 0.0038250000000000003
2558 0.0016666666666666668 0.0038250000000000003
2559 0.0018750000000000001 0.0038250000000000003
2560 0.0020833333333333333 0.0038250000000000003
2561 0.0022916666666666667 0.0038250000000000003
2562 0.0025000000000000001 0.0038250000000000003
2563 0.0027083333333333334 0.0038250000000000003
2564 0.0029166666666666668 0.0038250000000000003
2565 0.0031250000000000002 0.0038250000000000003
2566 0.0033333333333333335 0.0038250000000000003
2567 0.0035416666666666669 0.0038250000000000003
2568 0.0037500000000000003 0.0038250000000000003
2569 0.0039583333333333337 0.0038250000000000003
2570 0.0041666666666666666 0.0038250000000000003
2571 0.0043750000000000004 0.0038250000000000003
2572 0.0045833333333333334 0.0038250000000000003
2573 0.0047916666666666672 0.0038250000000000003
2574 0.0050000000000000001 0.0038250000000000003
2575 0 0.0038625000000000005
2576 0.00020833333333333335 0.0038625000000000005
2577 0.00041666666666666669 0.0038625000000000005
2578 0.00062500000000000001 0.0038625000000000005
2579 0.00083333333333333339 0.0038625000000000005
2580 0.0010416666666666667 0.0038625000000000005
2581 0.00125 0.0038625000000000005
2582 0.0014583333333333334 0.0038625000000000005
2583 0.0016666666666666668 0.0038625000000000005
2584 0.0018750000000000001 0.0038625000000000005
2585 0.0020833333333333333 0.0038625000000000005
2586 0.0022916666666666667 0.0038625000000000005
2587 0.0025000000000000001 0.0038625000000000005
2588 0.0027083333333333334 0.0038625000000000005
2589 0.0029166666666666668 0.0038625000000000005
2590 0.0031250000000000002 0.0038625000000000005
2591 0.0033333333333333335 0.0038625000000000005
2592 0.0035416666666666669 0.0038625000000000005
2593 0.0037500000000000003 0.0038625000000000005
2594 0.0039583333333333337 0.0038625000000000005
2595 0.0041666666666666666 0.0038625000000000005
2596 0.0043750000000000004 0.0038625000000000005
2597 0.0045833333333333334 0.0038625000000000005
2598 0.0047916666666666672 0.0038625000000000005
2599 0.0050000000000000001 0.0038625000000000005
2600 0 0.0039000000000000003
2601 0.00020833333333333335 0.0039000000000000003
2602 0.00041666666666666669 0.0039000000000000003
2603 0.00062500000000000001 0.0039000000000000003
2604 0.00083333333333333339 0.0039000000000000003
2605 0.0010416666666666667 0.0039000000000000003
2606 0.00125 0.0039000000000000003
2607 0.0014583333333333334 0.0039000000000000003
2608 0.0016666666666666668 0.0039000000000000003
2609 0.0018750000000000001 0.0039000000000000003
2610 0.0020833333333333333 0.0039000000000000003
2611 0.0022916666666666667 0.0039000000000000003
2612 0.0025000000000000001 0.0039000000000000003
2613 0.0027083333333333334 0.0039000000000000003
2614 0.0029166666666666668 0.0039000000000000003
2615 0.0031250000000000002 0.0039000000000000003
2616 0.0033333333333333335 0.0039000000000000003
2617 0.0035416666666666669 0.0039000000000000003
2618 0.0037500000000000003 0.0039000000000000003
2619 0.0039583333333333337 0.0039000000000000003
2620 0.0041666666666666666 0.0039000000000000003
2621 0.0043750000000000004 0.0039000000000000003
2622 0.0045833333333333334 0.0039000000000000003
2623 0.0047916666666666672 0.0039000000000000003
2624 0.0050000000000000001 0.0039000000000000003
2625 0 0.0039375
2626 0.00020833333333333335 0.0039375
2627 0.00041666666666666669 0.0039375
2628 0.00062500000000000001 0.0039375
2629 0.00083333333333333339 0.0039375
2630 0.0010416666666666667 0.0039375
2631 0.00125 0.0039375
2632 0.0014583333333333334 0.0039375
2633 0.0016666666666666668 0.0039375
2634 0.0018750000000000001 0.0039375
2635 0.0020833333333333333 0.0039375
2636 0.0022916666666666667 0.0039375
2637 0.0025000000000000001 0.0039375
2638 0.0027083333333333334 0.0039375
2639 0.0029166666666666668 0.0039375
2640 0.0031250000000000002 0.0039375
2641 0.0033333333333333335 0.0039375
2642 0.0035416666666666669 0.0039375
2643 0.0037500000000000003 0.0039375
2644 0.0039583333333333337 0.0039375
2645 0.0041666666666666666 0.0039375
2646 0.0043750000000000004 0.0039375
2647 0.0045833333333333334 0.0039375
2648 0.0047916666666666672 0.0039375
2649 0.0050000000000000001 0.0039375
2650 0 0.0039750000000000002
2651 0.00020833333333333335 0.0039750000000000002
2652 0.00041666666666666669 0.0039750000000000002
2653 0.00062500000000000001 0.0039750000000000002
2654 0.00083333333333333339 0.0039750000000000002
2655 0.0010416666666666667 0.0039750000000000002
2656 0.00125 0.0039750000000000002
2657 0.0014583333333333334 0.0039750000000000002
2658 0.0016666666666666668 0.0039750000000000002
2659 0.0018750000000000001 0.0039750000000000002
2660 0.0020833333333333333 0.0039750000000000002
2661 0.0022916666666666667 0.0039750000000000002
2662 0.0025000000000000001 0.0039750000000000002
2663 0.0027083333333333334 0.0039750000000000002
2664 0.0029166666666666668 0.0039750000000000002
2665 0.0031250000000000002 0.0039750000000000002
2666 0.0033333333333333335 0.0039750000000000002
2667 0.0035416666666666669 0.0039750000000000002
2668 0.0037500000000000003 0.0039750000000000002
2669 0.0039583333333333337 0.0039750000000000002
2670 0.0041666666666666666 0.0039750000000000002
2671 0.0043750000000000004 0.0039750000000000002
2672 0.0045833333333333334 0.0039750000000000002
2673 0.0047916666666666672 0.0039750000000000002
2674 0.0050000000000000001 0.0039750000000000002
2675 0 0.0040125000000000004
2676 0.00020833333333333335 0.0040125000000000004
2677 0.00041666666666666669 0.0040125000000000004
2678 0.00062500000000000001 0.0040125000000000004
2679 0.00083333333333333339 0.0040125000000000004
2680 0.0010416666666666667 0.0040125000000000004
2681 0.00125 0.0040125000000000004
2682 0.0014583333333333334 0.0040125000000000004
2683 0.0016666666666666668 0.0040125000000000004
2684 0.0018750000000000001 0.0040125000000000004
2685 0.0020833333333333333 0.0040125000000000004
2686 0.0022916666666666667 0.0040125000000000004
2687 0.0025000000000000001 0.0040125000000000004
2688 0.0027083333333333334 0.0040125000000000004
2689 0.0029166666666666668 0.0040125000000000004
2690 0.0031250000000000002 0.0040125000000000004
2691 0.0033333333333333335 0.0040125000000000004
2692 0.0035416666666666669 0.0040125000000000004
2693 0.0037500000000000003 0.0040125000000000004
2694 0.0039583333333333337 0.0040125000000000004
2695 0.0041666666666666666 0.0040125000000000004
2696 0.0043750000000000004 0.0040125000000000004
2697 0.0045833333333333334 0.0040125000000000004
2698 0.0047916666666666672 0.0040125000000000004
2699 0.0050000000000000001 0.0040125000000000004
2700 0 0.0040500000000000006
2701 0.00020833333333333335 0.0040500000000000006
2702 0.00041666666666666669 0.0040500000000000006
2703 0.00062500000000000001 0.0040500000000000006
2704 0.00083333333333333339 0.0040500000000000006
2705 0.0010416666666666667 0.0040500000000000006
2706 0.00125 0.0040500000000000006
2707 0.0014583333333333334 0.0040500000000000006
2708 0.0016666666666666668 0.0040500000000000006
2709 0.0018750000000000001 0.0040500000000000006
2710 0.0020833333333333333 0.0040500000000000006
2711 0.0022916666666666667 0.0040500000000000006
2712 0.0025000000000000001 0.0040500000000000006
2713 0.0027083333333333334 0.0040500000000000006
2714 0.0029166666666666668 0.0040500000000000006
2715 0.0031250000000000002 0.0040500000000000006
2716 0.0033333333333333335 0.0040500000000000006
2717 0.0035416666666666669 0.0040500000000000006
2718 0.0037500000000000003 0.0040500000000000006
2719 0.0039583333333333337 0.0040500000000000006
2720 0.0041666666666666666 0.0040500000000000006
2721 0.0043750000000000004 0.0040500000000000006
2722 0.0045833333333333334 0.0040500000000000006
2723 0.0047916666666666672 0.0040500000000000006
2724 0.0050000000000000001 0.0040500000000000006
2725 0 0.0040875
2726 0.00020833333333333335 0.0040875
2727 0.00041666666666666669 0.0040875
2728 0.00062500000000000001 0.0040875
2729 0.00083333333333333339 0.0040875
2730 0.0010416666666666667 0.0040875
2731 0.00125 0.0040875
2732 0.0014583333333333334 0.0040875
2733 0.0016666666666666668 0.0040875
2734 0.0018750000000000001 0.0040875
2735 0.0020833333333333333 0.0040875
2736 0.0022916666666666667 0.0040875
2737 0.0025000000000000001 0.0040875
2738 0.0027083333333333334 0.0040875
2739 0.0029166666666666668 0.0040875
2740 0.0031250000000000002 0.0040875
2741 0.0033333333333333335 0.0040875
2742 0.0035416666666666669 0.0040875
2743 0.0037500000000000003 0.0040875
2744 0.0039583333333333337 0.0040875
2745 0.0041666666666666666 0.0040875
2746 0.0043750000000000004 0.0040875
2747 0.0045833333333333334 0.0040875
2748 0.0047916666666666672 0.0040875
2749 0.0050000000000000001 0.0040875
2750 0 0.0041250000000000002
2751 0.00020833333333333335 0.0041250000000000002
2752 0.00041666666666666669 0.0041250000000000002
2753 0.00062500000000000001 0.0041250000000000002
2754 0.00083333333333333339 0.0041250000000000002
2755 0.0010416666666666667 0.0041250000000000002
2756 0.00125 0.0041250000000000002
2757 0.0014583333333333334 0.0041250000000000002
2758 0.0016666666666666668 0.0041250000000000002
2759 0.0018750000000000001 0.0041250000000000002
2760 0.0020833333333333333 0.0041250000000000002
2761 0.0022916666666666667 0.0041250000000000002
2762 0.0025000000000000001 0.0041250000000000002
2763 0.0027083333333333334 0.0041250000000000002
2764 0.0029166666666666668 0.0041250000000000002
2765 0.0031250000000000002 0.0041250000000000002
2766 0.0033333333333333335 0.0041250000000000002
2767 0.0035416666666666669 0.0041250000000000002
2768 0.0037500000000000003 0.0041250000000000002
2769 0.0039583333333333337 0.0041250000000000002
2770 0.0041666666666666666 0.0041250000000000002
2771 0.0043750000000000004 0.0041250000000000002
2772 0.0045833333333333334 0.0041250000000000002
2773 0.0047916666666666672 0.0041250000000000002
2774 0.0050000000000000001 0.0041250000000000002
2775 0 0.0041625000000000004
2776 0.00020833333333333335 0.0041625000000000004
2777 0.00041666666666666669 0.0041625000000000004
2778 0.00062500000000000001 0.0041625000000000004
2779 0.00083333333333333339 0.0041625000000000004
2780 0.0010416666666666667 0.0041625000000000004
2781 0.00125 0.0041625000000000004
2782 0.0014583333333333334 0.0041625000000000004
2783 0.0016666666666666668 0.0041625000000000004
2784 0.0018750000000000001 0.0041625000000000004
2785 0.0020833333333333333 0.0041625000000000004
2786 0.0022916666666666667 0.0041625000000000004
2787 0.0025000000000000001 0.0041625000000000004
2788 0.0027083333333333334 0.0041625000000000004
2789 0.0029166666666666668 0.0041625000000000004
2790 0.0031250000000000002 0.0041625000000000004
2791 0.0033333333333333335 0.0041625000000000004
2792 0.0035416666666666669 0.0041625000000000004
2793 0.0037500000000000003 0.0041625000000000004
2794 0.0039583333333333337 0.0041625000000000004
2795 0.0041666666666666666 0.0041625000000000004
2796 0.0043750000000000004 0.0041625000000000004
2797 0.0045833333333333334 0.0041625000000000004
2798 0.0047916666666666672 0.0041625000000000004
2799 0.0050000000000000001 0.0041625000000000004
2800 0 0.0042000000000000006
2801 0.00020833333333333335 0.0042000000000000006
2802 0.00041666666666666669 0.0042000000000000006
2803 0.00062500000000000001 0.0042000000000000006
2804 0.00083333333333333339 0.0042000000000000006
2805 0.0010416666666666667 0.0042000000000000006
2806 0.00125 0.0042000000000000006
2807 0.0014583333333333334 0.0042000000000000006
2808 0.0016666666666666668 0.0042000000000000006
2809 0.0018750000000000001 0.0042000000000000006
2810 0.0020833333333333333 0.0042000000000000006
2811 0.0022916666666666667 0.0042000000000000006
2812 0.0025000000000000001 0.0042000000000000006
2813 0.0027083333333333334 0.0042000000000000006
2814 0.0029166666666666668 0.0042000000000000006
2815 0.0031250000000000002 0.0042000000000000006
2816 0.0033333333333333335 0.0042000000000000006
2817 0.0035416666666666669 0.0042000000000000006
2818 0.0037500000000000003 0.0042000000000000006
2819 0.0039583333333333337 0.0042000000000000006
2820 0.0041666666666666666 0.0042000000000000006
2821 0.0043750000000000004 0.0042000000000000006
2822 0.0045833333333333334 0.0042000000000000006
2823 0.0047916666666666672 0.0042000000000000006
2824 0.0050000000000000001 0.0042000000000000006
2825 0 0.0042374999999999999
2826 0.00020833333333333335 0.0042374999999999999
2827 0.00041666666666666669 0.0042374999999999999
2828 0.00062500000000000001 0.0042374999999999999
2829 0.00083333333333333339 0.0042374999999999999
2830 0.0010416666666666667 0.0042374999999999999
2831 0.00125 0.0042374999999999999
2832 0.0014583333333333334 0.0042374999999999999
2833 0.0016666666666666668 0.0042374999999999999
2834 0.0018750000000000001 0.0042374999999999999
2835 0.0020833333333333333 0.0042374999999999999
2836 0.0022916666666666667 0.0042374999999999999
2837 0.0025000000000000001 0.0042374999999999999
2838 0.0027083333333333334 0.0042374999999999999
2839 0.0029166666666666668 0.0042374999999999999
2840 0.0031250000000000002 0.0042374999999999999
2841 0.0033333333333333335 0.0042374999999999999
2842 0.0035416666666666669 0.0042374999999999999
2843 0.0037500000000000003 0.0042374999999999999
2844 0.0039583333333333337 0.0042374999999999999
2845 0.0041666666666666666 0.0042374999999999999
2846 0.0043750000000000004 0.0042374999999999999
2847 0.0045833333333333334 0.0042374999999999999
2848 0.0047916666666666672 0.0042374999999999999
2849 0.0050000000000000001 0.0042374999999999999
2850 0 0.0042750000000000002
2851 0.00020833333333333335 0.0042750000000000002
2852 0.00041666666666666669 0.0042750000000000002
2853 0.00062500000000000001 0.0042750000000000002
2854 0.00083333333333333339 0.0042750000000000002
2855 0.0010416666666666667 0.0042750000000000002
2856 0.00125 0.0042750000000000002
2857 0.0014583333333333334 0.0042750000000000002
2858 0.0016666666666666668 0.0042750000000000002
2859 0.0018750000000000001 0.0042750000000000002
2860 0.0020833333333333333 0.0042750000000000002
2861 0.0022916666666666667 0.0042750000000000002
2862 0.0025000000000000001 0.0042750000000000002
2863 0.0027083333333333334 0.0042750000000000002
2864 0.0029166666666666668 0.0042750000000000002
2865 0.0031250000000000002 0.0042750000000000002
2866 0.0033333333333333335 0.0042750000000000002
2867 0.0035416666666666669 0.0042750000000000002
2868 0.0037500000000000003 0.0042750000000000002
2869 0.0039583333333333337 0.0042750000000000002
2870 0.0041666666666666666 0.0042750000000000002
2871 0.0043750000000000004 0.0042750000000000002
2872 0.0045833333333333334 0.0042750000000000002
2873 0.0047916666666666672 0.0042750000000000002
2874 0.0050000000000000001 0.0042750000000000002
2875 0 0.0043125000000000004
2876 0.00020833333333333335 0.0043125000000000004
2877 0.00041666666666666669 0.0043125000000000004
2878 0.00062500000000000001 0.0043125000000000004
2879 0.00083333333333333339 0.0043125000000000004
2880 0.0010416666666666667 0.0043125000000000004
2881 0.00125 0.0043125000000000004
2882 0.0014583333333333334 0.0043125000000000004
2883 0.0016666666666666668 0.0043125000000000004
2884 0.0018750000000000001 0.0043125000000000004
2885 0.0020833333333333333 0.0043125000000000004
2886 0.0022916666666666667 0.0043125000000000004
2887 0.0025000000000000001 0.0043125000000000004
2888 0.0027083333333333334 0.0043125000000000004
2889 0.0029166666666666668 0.0043125000000000004
2890 0.0031250000000000002 0.0043125000000000004
2891 0.0033333333333333335 0.0043125000000000004
2892 0.0035416666666666669 0.0043125000000000004
2893 0.0037500000000000003 0.0043125000000000004
2894 0.0039583333333333337 0.0043125000000000004
2895 0.0041666666666666666 0.0043125000000000004
2896 0.0043750000000000004 0.0043125000000000004
2897 0.0045833333333333334 0.0043125000000000004
2898 0.0047916666666666672 0.0043125000000000004
2899 0.0050000000000000001 0.0043125000000000004
2900 0 0.0043500000000000006
2901 0.00020833333333333335 0.0043500000000000006
2902 0.00041666666666666669 0.0043500000000000006
2903 0.00062500000000000001 0.0043500000000000006
2904 0.00083333333333333339 0.0043500000000000006
2905 0.0010416666666666667 0.0043500000000000006
2906 0.00125 0.0043500000000000006
2907 0.0014583333333333334 0.0043500000000000006
2908 0.0016666666666666668 0.0043500000000000006
2909 0.0018750000000000001 0.0043500000000000006
2910 0.0020833333333333333 0.0043500000000000006
2911 0.0022916666666666667 0.0043500000000000006
2912 0.0025000000000000001 0.0043500000000000006
2913 0.0027083333333333334 0.0043500000000000006
2914 0.0029166666666666668 0.0043500000000000006
2915 0.0031250000000000002 0.0043500000000000006
2916 0.0033333333333333335 0.0043500000000000006
2917 0.0035416666666666669 0.0043500000000000006
2918 0.0037500000000000003 0.0043500000000000006
2919 0.0039583333333333337 0.0043500000000000006
2920 0.0041666666666666666 0.0043500000000000006
2921 0.0043750000000000004 0.0043500000000000006
2922 0.0045833333333333334 0.0043500000000000006
2923 0.0047916666666666672 0.0043500000000000006
2924 0.0050000000000000001 0.0043500000000000006
2925 0 0.0043875000000000008
2926 0.00020833333333333335 0.0043875000000000008
2927 0.00041666666666666669 0.0043875000000000008
2928 0.00062500000000000001 0.0043875000000000008
2929 0.00083333333333333339 0.0043875000000000008
2930 0.0010416666666666667 0.0043875000000000008
2931 0.00125 0.0043875000000000008
2932 0.0014583333333333334 0.0043875000000000008
2933 0.0016666666666666668 0.0043875000000000008
2934 0.0018750000000000001 0.0043875000000000008
2935 0.0020833333333333333 0.0043875000000000008
2936 0.0022916666666666667 0.0043875000000000008
2937 0.0025000000000000001 0.0043875000000000008
2938 0.0027083333333333334 0.0043875000000000008
2939 0.0029166666666666668 0.0043875000000000008
2940 0.0031250000000000002 0.0043875000000000008
2941 0.0033333333333333335 0.0043875000000000008
2942 0.0035416666666666669 0.0043875000000000008
2943 0.0037500000000000003 0.0043875000000000008
2944 0.0039583333333333337 0.0043875000000000008
2945 0.0041666666666666666 0.0043875000000000008
2946 0.0043750000000000004 0.0043875000000000008
2947 0.0045833333333333334 0.0043875000000000008
2948 0.0047916666666666672 0.0043875000000000008
2949 0.0050000000000000001 0.0043875000000000008
2950 0 0.0044250000000000001
2951 0.00020833333333333335 0.0044250000000000001
2952 0.00041666666666666669 0.0044250000000000001
2953 0.00062500000000000001 0.0044250000000000001
2954 0.00083333333333333339 0.0044250000000000001
2955 0.0010416666666666667 0.0044250000000000001
2956 0.00125 0.0044250000000000001
2957 0.0014583333333333334 0.0044250000000000001
2958 0.0016666666666666668 0.0044250000000000001
2959 0.0018750000000000001 0.0044250000000000001
2960 0.0020833333333333333 0.0044250000000000001
2961 0.0022916666666666667 0.0044250000000000001
2962 0.0025000000000000001 0.0044250000000000001
2963 0.0027083333333333334 0.0044250000000000001
2964 0.0029166666666666668 0.0044250000000000001
2965 0.0031250000000000002 0.0044250000000000001
2966 0.0033333333333333335 0.0044250000000000001
2967 0.0035416666666666669 0.0044250000000000001
2968 0.0037500000000000003 0.0044250000000000001
2969 0.0039583333333333337 0.0044250000000000001
2970 0.0041666666666666666 0.0044250000000000001
2971 0.0043750000000000004 0.0044250000000000001
2972 0.0045833333333333334 0.0044250000000000001
2973 0.0047916666666666672 0.0044250000000000001
2974 0.0050000000000000001 0.0044250000000000001
2975 0 0.0044625000000000003
2976 0.00020833333333333335 0.0044625000000000003
2977 0.00041666666666666669 0.0044625000000000003
2978 0.00062500000000000001 0.0044625000000000003
2979 0.00083333333333333339 0.0044625000000000003
2980 0.0010416666666666667 0.0044625000000000003
2981 0.00125 0.0044625000000000003
2982 0.0014583333333333334 0.0044625000000000003
2983 0.0016666666666666668 0.0044625000000000003
2984 0.0018750000000000001 0.0044625000000000003
2985 0.0020833333333333333 0.0044625000000000003
2986 0.0022916666666666667 0.0044625000000000003
2987 0.0025000000000000001 0.0044625000000000003
2988 0.0027083333333333334 0.0044625000000000003
2989 0.0029166666666666668 0.0044625000000000003
2990 0.0031250000000000002 0.0044625000000000003
2991 0.0033333333333333335 0.0044625000000000003
2992 0.0035416666666666669 0.0044625000000000003
2993 0.0037500000000000003 0.0044625000000000003
2994 0.0039583333333333337 0.0044625000000000003
2995 0.0041666666666666666 0.0044625000000000003
2996 0.0043750000000000004 0.0044625000000000003
2997 0.0045833333333333334 0.0044625000000000003
2998 0.0047916666666666672 0.0044625000000000003
2999 0.0050000000000000001 0.0044625000000000003
3000 0 0.0045000000000000005
3001 0.00020833333333333335 0.0045000000000000005
3002 0.00041666666666666669 0.0045000000000000005
3003 0.00062500000000000001 0.0045000000000000005
3004 0.00083333333333333339 0.0045000000000000005
3005 0.0010416666666666667 0.0045000000000000005
3006 0.00125 0.0045000000000000005
3007 0.0014583333333333334 0.0045000000000000005
3008 0.0016666666666666668 0.0045000000000000005
3009 0.0018750000000000001 0.0045000000000000005
3010 0.0020833333333333333 0.0045000000000000005
3011 0.0022916666666666667 0.0045000000000000005
3012 0.0025000000000000001 0.0045000000000000005
3013 0.0027083333333333334 0.0045000000000000005
3014 0.0029166666666666668 0.0045000000000000005
3015 0.0031250000000000002 0.0045000000000000005
3016 0.0033333333333333335 0.0045000000000000005
3017 0.0035416666666666669 0.0045000000000000005
3018 0.0037500000000000003 0.0045000000000000005
3019 0.0039583333333333337 0.0045000000000000005
3020 0.0041666666666666666 0.0045000000000000005
3021 0.0043750000000000004 0.0045000000000000005
3022 0.0045833333333333334 0.0045000000000000005
3023 0.0047916666666666672 0.0045000000000000005
3024 0.0050000000000000001 0.0045000000000000005
3025 0 0.0045375000000000007
3026 0.00020833333333333335 0.0045375000000000007
3027 0.00041666666666666669 0.0045375000000000007
3028 0.00062500000000000001 0.0045375000000000007
3029 0.00083333333333333339 0.0045375000000000007
3030 0.0010416666666666667 0.0045375000000000007
3031 0.00125 0.0045375000000000007
3032 0.0014583333333333334 0.0045375000000000007
3033 0.0016666666666666668 0.0045375000000000007
3034 0.0018750000000000001 0.0045375000000000007
3035 0.0020833333333333333 0.0045375000000000007
3036 0.0022916666666666667 0.0045375000000000007
3037 0.0025000000000000001 0.0045375000000000007
3038 0.0027083333333333334 0.0045375000000000007
3039 0.0029166666666666668 0.0045375000000000007
3040 0.0031250000000000002 0.0045375000000000007
3041 0.0033333333333333335 0.0045375000000000007
3042 0.0035416666666666669 0.0045375000000000007
3043 0.0037500000000000003 0.0045375000000000007
3044 0.0039583333333333337 0.0045375000000000007
3045 0.0041666666666666666 0.0045375000000000007
3046 0.0043750000000000004 0.0045375000000000007
3047 0.0045833333333333334 0.0045375000000000007
3048 0.0047916666666666672 0.0045375000000000007
3049 0.0050000000000000001 0.0045375000000000007
3050 0 0.0045750000000000001
3051 0.00020833333333333335 0.0045750000000000001
3052 0.00041666666666666669 0.0045750000000000001
3053 0.00062500000000000001 0.0045750000000000001
3054 0.00083333333333333339 0.0045750000000000001
3055 0.0010416666666666667 0.0045750000000000001
3056 0.00125 0.0045750000000000001
3057 0.0014583333333333334 0.0045750000000000001
3058 0.0016666666666666668 0.0045750000000000001
3059 0.0018750000000000001 0.0045750000000000001
3060 0.0020833333333333333 0.0045750000000000001
3061 0.0022916666666666667 0.0045750000000000001
3062 0.0025000000000000001 0.0045750000000000001
3063 0.0027083333333333334 0.0045750000000000001
3064 0.0029166666666666668 0.0045750000000000001
3065 0.0031250000000000002 0.0045750000000000001
3066 0.0033333333333333335 0.0045750000000000001
3067 0.0035416666666666669 0.0045750000000000001
3068 0.0037500000000000003 0.0045750000000000001
3069 0.0039583333333333337 0.0045750000000000001
3070 0.0041666666666666666 0.0045750000000000001
3071 0.0043750000000000004 0.0045750000000000001
3072 0.0045833333333333334 0.0045750000000000001
3073 0.0047916666666666672 0.0045750000000000001
3074 0.0050000000000000001 0.0045750000000000001
3075 0 0.0046125000000000003
3076 0.00020833333333333335 0.0046125000000000003
3077 0.00041666666666666669 0.0046125000000000003
3078 0.00062500000000000001 0.0046125000000000003
3079 0.00083333333333333339 0.0046125000000000003
3080 0.0010416666666666667 0.0046125000000000003
3081 0.00125 0.0046125000000000003
3082 0.0014583333333333334 0.0046125000000000003
3083 0.0016666666666666668 0.0046125000000000003
3084 0.0018750000000000001 0.0046125000000000003
3085 0.0020833333333333333 0.0046125000000000003
3086 0.0022916666666666667 0.0046125000000000003
3087 0.0025000000000000001 0.0046125000000000003
3088 0.0027083333333333334 0.0046125000000000003
3089 0.0029166666666666668 0.0046125000000000003
3090 0.0031250000000000002 0.0046125000000000003
3091 0.0033333333333333335 0.0046125000000000003
3092 0.0035416666666666669 0.0046125000000000003
3093 0.0037500000000000003 0.0046125000000000003
3094 0.0039583333333333337 0.0046125000000000003
3095 0.0041666666666666666 0.0046125000000000003
3096 0.0043750000000000004 0.0046125000000000003
3097 0.0045833333333333334 0.0046125000000000003
3098 0.0047916666666666672 0.0046125000000000003
3099 0.0050000000000000001 0.0046125000000000003
3100 0 0.0046500000000000005
3101 0.00020833333333333335 0.0046500000000000005
3102 0.00041666666666666669 0.0046500000000000005
3103 0.00062500000000000001 0.0046500000000000005
3104 0.00083333333333333339 0.0046500000000000005
3105 0.0010416666666666667 0.0046500000000000005
3106 0.00125 0.0046500000000000005
3107 0.0014583333333333334 0.0046500000000000005
3108 0.0016666666666666668 0.0046500000000000005
3109 0.0018750000000000001 0.0046500000000000005
3110 0.0020833333333333333 0.0046500000000000005
3111 0.0022916666666666667 0.0046500000000000005
3112 0.0025000000000000001 0.0046500000000000005
3113 0.0027083333333333334 0.0046500000000000005
3114 0.0029166666666666668 0.0046500000000000005
3115 0.0031250000000000002 0.0046500000000000005
3116 0.0033333333333333335 0.0046500000000000005
3117 0.0035416666666666669 0.0046500000000000005
3118 0.0037500000000000003 0.0046500000000000005
3119 0.0039583333333333337 0.0046500000000000005
3120 0.0041666666666666666 0.0046500000000000005
3121 0.0043750000000000004 0.0046500000000000005
3122 0.0045833333333333334 0.0046500000000000005
3123 0.0047916666666666672 0.0046500000000000005
3124 0.0050000000000000001 0.0046500000000000005
3125 0 0.0046875000000000007
3126 0.00020833333333333335 0.0046875000000000007
3127 0.00041666666666666669 0.0046875000000000007
3128 0.00062500000000000001 0.0046875000000000007
3129 0.00083333333333333339 0.0046875000000000007
3130 0.0010416666666666667 0.0046875000000000007
3131 0.00125 0.0046875000000000007
3132 0.0014583333333333334 0.0046875000000000007
3133 0.0016666666666666668 0.0046875000000000007
3134 0.0018750000000000001 0.0046875000000000007
3135 0.0020833333333333333 0.0046875000000000007
3136 0.0022916666666666667 0.0046875000000000007
3137 0.0025000000000000001 0.0046875000000000007
3138 0.0027083333333333334 0.0046875000000000007
3139 0.0029166666666666668 0.0046875000000000007
3140 0.0031250000000000002 0.0046875000000000007
3141 0.0033333333333333335 0.0046875000000000007
3142 0.0035416666666666669 0.0046875000000000007
3143 0.0037500000000000003 0.0046875000000000007
3144 0.0039583333333333337 0.0046875000000000007
3145 0.0041666666666666666 0.0046875000000000007
3146 0.0043750000000000004 0.0046875000000000007
3147 0.0045833333333333334 0.0046875000000000007
3148 0.0047916666666666672 0.0046875000000000007
3149 0.0050000000000000001 0.0046875000000000007
3150 0 0.004725
3151 0.00020833333333333335 0.004725
3152 0.00041666666666666669 0.004725
3153 0.00062500000000000001 0.004725
3154 0.00083333333333333339 0.004725
3155 0.0010416666666666667 0.004725
3156 0.00125 0.004725
3157 0.0014583333333333334 0.004725
3158 0.0016666666666666668 0.004725
3159 0.0018750000000000001 0.004725
3160 0.0020833333333333333 0.004725
3161 0.0022916666666666667 0.004725
3162 0.0025000000000000001 0.004725
3163 0.0027083333333333334 0.004725
3164 0.0029166666666666668 0.004725
3165 0.0031250000000000002 0.004725
3166 0.0033333333333333335 0.004725
3167 0.0035416666666666669 0.004725
3168 0.0037500000000000003 0.004725
3169 0.0039583333333333337 0.004725
3170 0.0041666666666666666 0.004725
3171 0.0043750000000000004 0.004725
3172 0.0045833333333333334 0.004725
3173 0.0047916666666666672 0.004725
3174 0.0050000000000000001 0.004725
3175 0 0.0047625000000000002
3176 0.00020833333333333335 0.0047625000000000002
3177 0.00041666666666666669 0.0047625000000000002
3178 0.00062500000000000001 0.0047625000000000002
3179 0.00083333333333333339 0.0047625000000000002
3180 0.0010416666666666667 0.0047625000000000002
3181 0.00125 0.0047625000000000002
3182 0.0014583333333333334 0.0047625000000000002
3183 0.0016666666666666668 0.0047625000000000002
3184 0.0018750000000000001 0.0047625000000000002
3185 0.0020833333333333333 0.0047625000000000002
3186 0.0022916666666666667 0.0047625000000000002
3187 0.0025000000000000001 0.0047625000000000002
3188 0.0027083333333333334 0.0047625000000000002
3189 0.0029166666666666668 0.0047625000000000002
3190 0.0031250000000000002 0.0047625000000000002
3191 0.0033333333333333335 0.0047625000000000002
3192 0.0035416666666666669 0.0047625000000000002
3193 0.0037500000000000003 0.0047625000000000002
3194 0.0039583333333333337 0.0047625000000000002
3195 0.0041666666666666666 0.0047625000000000002
3196 0.0043750000000000004 0.0047625000000000002
3197 0.0045833333333333334 0.0047625000000000002
3198 0.0047916666666666672 0.0047625000000000002
3199 0.0050000000000000001 0.0047625000000000002
3200 0 0.0048000000000000004
3201 0.00020833333333333335 0.0048000000000000004
3202 0.00041666666666666669 0.0048000000000000004
3203 0.00062500000000000001 0.0048000000000000004
3204 0.00083333333333333339 0.0048000000000000004
3205 0.0010416666666666667 0.0048000000000000004
3206 0.00125 0.0048000000000000004
3207 0.0014583333333333334 0.0048000000000000004
3208 0.0016666666666666668 0.0048000000000000004
3209 0.0018750000000000001 0.0048000000000000004
3210 0.0020833333333333333 0.0048000000000000004
3211 0.0022916666666666667 0.0048000000000000004
3212 0.0025000000000000001 0.0048000000000000004
3213 0.0027083333333333334 0.0048000000000000004
3214 0.0029166666666666668 0.0048000000000000004
3215 0.0031250000000000002 0.0048000000000000004
3216 0.0033333333333333335 0.0048000000000000004
3217 0.0035416666666666669 0.0048000000000000004
3218 0.0037500000000000003 0.0048000000000000004
3219 0.0039583333333333337 0.0048000000000000004
3220 0.0041666666666666666 0.0048000000000000004
3221 0.0043750000000000004 0.0048000000000000004
3222 0.0045833333333333334 0.0048000000000000004
3223 0.0047916666666666672 0.0048000000000000004
3224 0.0050000000000000001 0.0048000000000000004
3225 0 0.0048125000000000008
3226 0.00020833333333333335 0.0048125000000000008
3227 0.00041666666666666669 0.0048125000000000008
3228 0.00062500000000000001 0.0048125000000000008
3229 0.00083333333333333339 0.0048125000000000008
3230 0.0010416666666666667 0.0048125000000000008
3231 0.00125 0.0048125000000000008
3232 0.0014583333333333334 0.0048125000000000008
3233 0.0016666666666666668 0.0048125000000000008
3234 0.0018750000000000001 0.0048125000000000008
3235 0.0020833333333333333 0.0048125000000000008
3236 0.0022916666666666667 0.0048125000000000008
3237 0.0025000000000000001 0.0048125000000000008
3238 0.0027083333333333334 0.0048125000000000008
3239 0.0029166666666666668 0.0048125000000000008
3240 0.0031250000000000002 0.0048125000000000008
3241 0.0033333333333333335 0.0048125000000000008
3242 0.0035416666666666669 0.0048125000000000008
3243 0.0037500000000000003 0.0048125000000000008
3244 0.0039583333333333337 0.0048125000000000008
3245 0.0041666666666666666 0.0048125000000000008
3246 0.0043750000000000004 0.0048125000000000008
3247 0.0045833333333333334 0.0048125000000000008
3248 0.0047916666666666672 0.0048125000000000008
3249 0.0050000000000000001 0.0048125000000000008
3250 0 0.0048250000000000003
3251 0.00020833333333333335 0.0048250000000000003
3252 0.00041666666666666669 0.0048250000000000003
3253 0.00062500000000000001 0.0048250000000000003
3254 0.00083333333333333339 0.0048250000000000003
3255 0.0010416666666666667 0.0048250000000000003
3256 0.00125 0.0048250000000000003
3257 0.0014583333333333334 0.0048250000000000003
3258 0.0016666666666666668 0.0048250000000000003
3259 0.0018750000000000001 0.0048250000000000003
3260 0.0020833333333333333 0.0048250000000000003
3261 0.0022916666666666667 0.0048250000000000003
3262 0.0025000000000000001 0.0048250000000000003
3263 0.0027083333333333334 0.0048250000000000003
3264 0.0029166666666666668 0.0048250000000000003
3265 0.0031250000000000002 0.0048250000000000003
3266 0.0033333333333333335 0.0048250000000000003
3267 0.0035416666666666669 0.0048250000000000003
3268 0.0037500000000000003 0.0048250000000000003
3269 0.0039583333333333337 0.0048250000000000003
3270 0.0041666666666666666 0.0048250000000000003
3271 0.0043750000000000004 0.0048250000000000003
3272 0.0045833333333333334 0.0048250000000000003
3273 0.0047916666666666672 0.0048250000000000003
3274 0.0050000000000000001 0.0048250000000000003
3275 0 0.0048375000000000007
3276 0.00020833333333333335 0.0048375000000000007
3277 0.00041666666666666669 0.0048375000000000007
3278 0.00062500000000000001 0.0048375000000000007
3279 0.00083333333333333339 0.0048375000000000007
3280 0.0010416666666666667 0.0048375000000000007
3281 0.00125 0.0048375000000000007
3282 0.0014583333333333334 0.0048375000000000007
3283 0.0016666666666666668 0.0048375000000000007
3284 0.0018750000000000001 0.0048375000000000007
3285 0.0020833333333333333 0.0048375000000000007
3286 0.0022916666666666667 0.0048375000000000007
3287 0.0025000000000000001 0.0048375000000000007
3288 0.0027083333333333334 0.0048375000000000007
3289 0.0029166666666666668 0.0048375000000000007
3290 0.0031250000000000002 0.0048375000000000007
3291 0.0033333333333333335 0.0048375000000000007
3292 0.0035416666666666669 0.0048375000000000007
3293 0.0037500000000000003 0.0048375000000000007
3294 0.0039583333333333337 0.0048375000000000007
3295 0.0041666666666666666 0.0048375000000000007
3296 0.0043750000000000004 0.0048375000000000007
3297 0.0045833333333333334 0.0048375000000000007
3298 0.0047916666666666672 0.0048375000000000007
3299 0.0050000000000000001 0.0048375000000000007
3300 0 0.0048500000000000001
3301 0.00020833333333333335 0.0048500000000000001
3302 0.00041666666666666669 0.0048500000000000001
3303 0.00062500000000000001 0.0048500000000000001
3304 0.00083333333333333339 0.0048500000000000001
3305 0.0010416666666666667 0.0048500000000000001
3306 0.00125 0.0048500000000000001
3307 0.0014583333333333334 0.0048500000000000001
3308 0.0016666666666666668 0.0048500000000000001
3309 0.0018750000000000001 0.0048500000000000001
3310 0.0020833333333333333 0.0048500000000000001
3311 0.0022916666666666667 0.0048500000000000001
3312 0.0025000000000000001 0.0048500000000000001
3313 0.0027083333333333334 0.0048500000000000001
3314 0.0029166666666666668 0.0048500000000000001
3315 0.0031250000000000002 0.0048500000000000001
3316 0.0033333333333333335 0.0048500000000000001
3317 0.0035416666666666669 0.0048500000000000001
3318 0.0037500000000000003 0.0048500000000000001
3319 0.0039583333333333337 0.0048500000000000001
3320 0.0041666666666666666 0.0048500000000000001
3321 0.0043750000000000004 0.0048500000000000001
3322 0.0045833333333333334 0.0048500000000000001
3323 0.0047916666666666672 0.0048500000000000001
3324 0.0050000000000000001 0.0048500000000000001
3325 0 0.0048625000000000005
3326 0.00020833333333333335 0.0048625000000000005
3327 0.00041666666666666669 0.0048625000000000005
3328 0.00062500000000000001 0.0048625000000000005
3329 0.00083333333333333339 0.0048625000000000005
3330 0.0010416666666666667 0.0048625000000000005
3331 0.00125 0.0048625000000000005
3332 0.0014583333333333334 0.0048625000000000005
3333 0.0016666666666666668 0.0048625000000000005
3334 0.0018750000000000001 0.0048625000000000005
3335 0.0020833333333333333 0.0048625000000000005
3336 0.0022916666666666667 0.0048625000000000005
3337 0.0025000000000000001 0.0048625000000000005
3338 0.0027083333333333334 0.0048625000000000005
3339 0.0029166666666666668 0.0048625000000000005
3340 0.0031250000000000002 0.0048625000000000005
3341 0.0033333333333333335 0.0048625000000000005
3342 0.0035416666666666669 0.0048625000000000005
3343 0.0037500000000000003 0.0048625000000000005
3344 0.0039583333333333337 0.0048625000000000005
3345 0.0041666666666666666 0.0048625000000000005
3346 0.0043750000000000004 0.0048625000000000005
3347 0.0045833333333333334 0.0048625000000000005
3348 0.0047916666666666672 0.0048625000000000005
3349 0.0050000000000000001 0.0048625000000000005
3350 0 0.0048750000000000009
3351 0.00020833333333333335 0.0048750000000000009
3352 0.00041666666666666669 0.0048750000000000009
3353 0.00062500000000000001 0.0048750000000000009
3354 0.00083333333333333339 0.0048750000000000009
3355 0.0010416666666666667 0.0048750000000000009
3356 0.00125 0.0048750000000000009
3357 0.0014583333333333334 0.0048750000000000009
3358 0.0016666666666666668 0.0048750000000000009
3359 0.0018750000000000001 0.0048750000000000009
3360 0.0020833333333333333 0.0048750000000000009
3361 0.0022916666666666667 0.0048750000000000009
3362 0.0025000000000000001 0.0048750000000000009
3363 0.0027083333333333334 0.0048750000000000009
3364 0.0029166666666666668 0.0048750000000000009
3365 0.0031250000000000002 0.0048750000000000009
3366 0.0033333333333333335 0.0048750000000000009
3367 0.0035416666666666669 0.0048750000000000009
3368 0.0037500000000000003 0.0048750000000000009
3369 0.0039583333333333337 0.0048750000000000009
3370 0.0041666666666666666 0.0048750000000000009
3371 0.0043750000000000004 0.0048750000000000009
3372 0.0045833333333333334 0.0048750000000000009
3373 0.0047916666666666672 0.0048750000000000009
3374 0.0050000000000000001 0.0048750000000000009
3375 0 0.0048875000000000004
3376 0.00020833333333333335 0.0048875000000000004
3377 0.00041666666666666669 0.0048875000000000004
3378 0.00062500000000000001 0.0048875000000000004
3379 0.00083333333333333339 0.0048875000000000004
3380 0.0010416666666666667 0.0048875000000000004
3381 0.00125 0.0048875000000000004
3382 0.0014583333333333334 0.0048875000000000004
3383 0.0016666666666666668 0.0048875000000000004
3384 0.0018750000000000001 0.0048875000000000004
3385 0.0020833333333333333 0.0048875000000000004
3386 0.0022916666666666667 0.0048875000000000004
3387 0.0025000000000000001 0.0048875000000000004
3388 0.0027083333333333334 0.0048875000000000004
3389 0.0029166666666666668 0.0048875000000000004
3390 0.0031250000000000002 0.0048875000000000004
3391 0.0033333333333333335 0.0048875000000000004
3392 0.0035416666666666669 0.0048875000000000004
3393 0.0037500000000000003 0.0048875000000000004
3394 0.0039583333333333337 0.0048875000000000004
3395 0.0041666666666666666 0.0048875000000000004
3396 0.0043750000000000004 0.0048875000000000004
3397 0.0045833333333333334 0.0048875000000000004
3398 0.0047916666666666672 0.0048875000000000004
3399 0.0050000000000000001 0.0048875000000000004
3400 0 0.0049000000000000007
3401 0.00020833333333333335 0.0049000000000000007
3402 0.00041666666666666669 0.0049000000000000007
3403 0.00062500000000000001 0.0049000000000000007
3404 0.00083333333333333339 0.0049000000000000007
3405 0.0010416666666666667 0.0049000000000000007
3406 0.00125 0.0049000000000000007
3407 0.0014583333333333334 0.0049000000000000007
3408 0.0016666666666666668 0.0049000000000000007
3409 0.0018750000000000001 0.0049000000000000007
3410 0.0020833333333333333 0.0049000000000000007
3411 0.0022916666666666667 0.0049000000000000007
3412 0.0025000000000000001 0.0049000000000000007
3413 0.0027083333333333334 0.0049000000000000007
3414 0.0029166666666666668 0.0049000000000000007
3415 0.0031250000000000002 0.0049000000000000007
3416 0.0033333333333333335 0.0049000000000000007
3417 0.0035416666666666669 0.0049000000000000007
3418 0.0037500000000000003 0.0049000000000000007
3419 0.0039583333333333337 0.0049000000000000007
3420 0.0041666666666666666 0.0049000000000000007
3421 0.0043750000000000004 0.0049000000000000007
3422 0.0045833333333333334 0.0049000000000000007
3423 0.0047916666666666672 0.0049000000000000007
3424 0.0050000000000000001 0.0049000000000000007
ELEMENTS 816
# id  n_nodes  material  q_vol[W/m^3]  node_ids...
0 9 subcutaneous 0 0 2 52 50 1 27 51 25 26
1 9 subcutaneous 0 2 4 54 52 3 29 53 27 28
2 9 subcutaneous 0 4 6 56 54 5 31 55 29 30
3 9 subcutaneous 0 6 8 58 56 7 33 57 31 32
4 9 subcutaneous 0 8 10 60 58 9 35 59 33 34
5 9 subcutaneous 0 10 12 62 60 11 37 61 35 36
6 9 subcutaneous 0 12 14 64 62 13 39 63 37 38
7 9 subcutaneous 0 14 16 66 64 15 41 65 39 40
8 9 subcutaneous 0 16 18 68 66 17 43 67 41 42
9 9 subcutaneous 0 18 20 70 68 19 45 69 43 44
10 9 subcutaneous 0 20 22 72 70 21 47 71 45 46
11 9 subcutaneous 0 22 24 74 72 23 49 73 47 48
12 9 subcutaneous 0 50 52 102 100 51 77 101 75 76
13 9 subcutaneous 0 52 54 104 102 53 79 103 77 78
14 9 subcutaneous 0 54 56 106 104 55 81 105 79 80
15 9 subcutaneous 0 56 58 108 106 57 83 107 81 82
16 9 subcutaneous 0 58 60 110 108 59 85 109 83 84
17 9 subcutaneous 0 60 62 112 110 61 87 111 85 86
18 9 subcutaneous 0 62 64 114 112 63 89 113 87 88
19 9 subcutaneous 0 64 66 116 114 65 91 115 89 90
20 9 subcutaneous 0 66 68 118 116 67 93 117 91 92
21 9 subcutaneous 0 68 70 120 118 69 95 119 93 94
22 9 subcutaneous 0 70 72 122 120 71 97 121 95 96
23 9 subcutaneous 0 72 74 124 122 73 99 123 97 98
24 9 subcutaneous 0 100 102 152 150 101 127 151 125 126
25 9 subcutaneous 0 102 104 154 152 103 129 153 127 128
26 9 subcutaneous 0 104 106 156 154 105 131 155 129 130
27 9 subcutaneous 0 106 108 158 156 107 133 157 131 132
28 9 subcutaneous 0 108 110 160 158 109 135 159 133 134
29 9 subcutaneous 0 110 112 162 160 111 137 161 135 136
30 9 subcutaneous 0 112 114 164 162 113 139 163 137 138
31 9 subcutaneous 0 114 116 166 164 115 141 165 139 140
32 9 subcutaneous 0 116 118 168 166 117 143 167 141 142
33 9 subcutaneous 0 118 120 170 168 119 145 169 143 144
34 9 subcutaneous 0 120 122 172 170 121 147 171 145 146
35 9 subcutaneous 0 122 124 174 172 123 149 173 147 148
36 9 subcutaneous 0 150 152 202 200 151 177 201 175 176
37 9 subcutaneous 0 152 154 204 202 153 179 203 177 178
38 9 subcutaneous 0 154 156 206 204 155 181 205 179 180
39 9 subcutaneous 0 156 158 208 206 157 183 207 181 182
40 9 subcutaneous 0 158 160 210 208 159 185 209 183 184
41 9 subcutaneous 0 160 162 212 210 161 187 211 185 186
42 9 subcutaneous 0 162 164 214 212 163 189 213 187 188
43 9 subcutaneous 0 164 166 216 214 165 191 215 189 190
44 9 subcutaneous 0 166 168 218 216 167 193 217 191 192
45 9 subcutaneous 0 168 170 220 218 169 195 219 193 194
46 9 subcutaneous 0 170 172 222 220 171 197 221 195 196
47 9 subcutaneous 0 172 174 224 222 173 199 223 197 198
48 9 subcutaneous 0 200 202 252 250 201 227 251 225 226
49 9 subcutaneous 0 202 204 254 252 203 229 253 227 228
50 9 subcutaneous 0 204 206 256 254 205 231 255 229 230
51 9 subcutaneous 0 206 208 258 256 207 233 257 231 232
52 9 subcutaneous 0 208 210 260 258 209 235 259 233 234
53 9 subcutaneous 0 210 212 262 260 211 237 261 235 236
54 9 subcutaneous 0 212 214 264 262 213 239 263 237 238
55 9 subcutaneous 0 214 216 266 264 215 241 265 239 240
56 9 subcutaneous 0 216 218 268 266 217 243 267 241 242
57 9 subcutaneous 0 218 220 270 268 219 245 269 243 244
58 9 subcutaneous 0 220 222 272 270 221 247 271 245 246
59 9 subcutaneous 0 222 224 274 272 223 249 273 247 248
60 9 subcutaneous 0 250 252 302 300 251 277 301 275 276
61 9 subcutaneous 0 252 254 304 302 253 279 303 277 278
62 9 subcutaneous 0 254 256 306 304 255 281 305 279 280
63 9 subcutaneous 0 256 258 308 306 257 283 307 281 282
64 9 subcutaneous 0 258 260 310 308 259 285 309 283 284
65 9 subcutaneous 0 260 262 312 310 261 287 311 285 286
66 9 subcutaneous 0 262 264 314 312 263 289 313 287 288
67 9 subcutaneous 0 264 266 316 314 265 291 315 289 290
68 9 subcutaneous 0 266 268 318 316 267 293 317 291 292
69 9 subcutaneous 0 268 270 320 318 269 295 319 293 294
70 9 subcutaneous 0 270 272 322 320 271 297 321 295 296
71 9 subcutaneous 0 272 274 324 322 273 299 323 297 298
72 9 subcutaneous 0 300 302 352 350 301 327 351 325 326
73 9 subcutaneous 0 302 304 354 352 303 329 353 327 328
74 9 subcutaneous 0 304 306 356 354 305 331 355 329 330
75 9 subcutaneous 0 306 308 358 356 307 333 357 331 332
76 9 subcutaneous 0 308 310 360 358 309 335 359 333 334
77 9 subcutaneous 0 310 312 362 360 311 337 361 335 336
78 9 subcutaneous 0 312 314 364 362 313 339 363 337 338
79 9 subcutaneous 0 314 316 366 364 315 341 365 339 340
80 9 subcutaneous 0 316 318 368 366 317 343 367 341 342
81 9 subcutaneous 0 318 320 370 368 319 345 369 343 344
82 9 subcutaneous 0 320 322 372 370 321 347 371 345 346
83 9 subcutaneous 0 322 324 374 372 323 349 373 347 348
84 9 subcutaneous 0 350 352 402 400 351 377 401 375 376
85 9 subcutaneous 0 352 354 404 402 353 379 403 377 378
86 9 subcutaneous 0 354 356 406 404 355 381 405 379 380
87 9 subcutaneous 0 356 358 408 406 357 383 407 381 382
88 9 subcutaneous 0 358 360 410 408 359 385 409 383 384
89 9 subcutaneous 0 360 362 412 410 361 387 411 385 386
90 9 subcutaneous 0 362 364 414 412 363 389 413 387 388
91 9 subcutaneous 0 364 366 416 414 365 391 415 389 390
92 9 subcutaneous 0 366 368 418 416 367 393 417 391 392
93 9 subcutaneous 0 368 370 420 418 369 395 419 393 394
94 9 subcutaneous 0 370 372 422 420 371 397 421 395 396
95 9 subcutaneous 0 372 374 424 422 373 399 423 397 398
96 9 subcutaneous 0 400 402 452 450 401 427 451 425 426
97 9 subcutaneous 0 402 404 454 452 403 429 453 427 428
98 9 subcutaneous 0 404 406 456 454 405 431 455 429 430
99 9 subcutaneous 0 406 408 458 456 407 433 457 431 432
100 9 subcutaneous 0 408 410 460 458 409 435 459 433 434
101 9 subcutaneous 0 410 412 462 460 411 437 461 435 436
102 9 subcutaneous 0 412 414 464 462 413 439 463 437 438
103 9 subcutaneous 0 414 416 466 464 415 441 465 439 440
104 9 subcutaneous 0 416 418 468 466 417 443 467 441 442
105 9 subcutaneous 0 418 420 470 468 419 445 469 443 444
106 9 subcutaneous 0 420 422 472 470 421 447 471 445 446
107 9 subcutaneous 0 422 424 474 472 423 449 473 447 448
108 9 subcutaneous 0 450 452 502 500 451 477 501 475 476
109 9 subcutaneous 0 452 454 504 502 453 479 503 477 478
110 9 subcutaneous 0 454 456 506 504 455 481 505 479 480
111 9 subcutaneous 0 456 458 508 506 457 483 507 481 482
112 9 subcutaneous 0 458 460 510 508 459 485 509 483 484
113 9 subcutaneous 0 460 462 512 510 461 487 511 485 486
114 9 subcutaneous 0 462 464 514 512 463 489 513 487 488
115 9 subcutaneous 0 464 466 516 514 465 491 515 489 490
116 9 subcutaneous 0 466 468 518 516 467 493 517 491 492
117 9 subcutaneous 0 468 470 520 518 469 495 519 493 494
118 9 subcutaneous 0 470 472 522 520 471 497 521 495 496
119 9 subcutaneous 0 472 474 524 522 473 499 523 497 498
120 9 subcutaneous 0 500 502 552 550 501 527 551 525 526
121 9 subcutaneous 0 502 504 554 552 503 529 553 527 528
122 9 subcutaneous 0 504 506 556 554 505 531 555 529 530
123 9 subcutaneous 0 506 508 558 556 507 533 557 531 532
124 9 subcutaneous 0 508 510 560 558 509 535 559 533 534
125 9 subcutaneous 0 510 512 562 560 511 537 561 535 536
126 9 subcutaneous 0 512 514 564 562 513 539 563 537 538
127 9 subcutaneous 0 514 516 566 564 515 541 565 539 540
128 9 subcutaneous 0 516 518 568 566 517 543 567 541 542
129 9 subcutaneous 0 518 520 570 568 519 545 569 543 544
130 9 subcutaneous 0 520 522 572 570 521 547 571 545 546
131 9 subcutaneous 0 522 524 574 572 523 549 573 547 548
132 9 subcutaneous 0 550 552 602 600 551 577 601 575 576
133 9 subcutaneous 0 552 554 604 602 553 579 603 577 578
134 9 subcutaneous 0 554 556 606 604 555 581 605 579 580
135 9 subcutaneous 0 556 558 608 606 557 583 607 581 582
136 9 subcutaneous 0 558 560 610 608 559 585 609 583 584
137 9 subcutaneous 0 560 562 612 610 561 587 611 585 586
138 9 subcutaneous 0 562 564 614 612 563 589 613 587 588
139 9 subcutaneous 0 564 566 616 614 565 591 615 589 590
140 9 subcutaneous 0 566 568 618 616 567 593 617 591 592
141 9 subcutaneous 0 568 570 620 618 569 595 619 593 594
142 9 subcutaneous 0 570 572 622 620 571 597 621 595 596
143 9 subcutaneous 0 572 574 624 622 573 599 623 597 598
144 9 subcutaneous 0 600 602 652 650 601 627 651 625 626
145 9 subcutaneous 0 602 604 654 652 603 629 653 627 628
146 9 subcutaneous 0 604 606 656 654 605 631 655 629 630
147 9 subcutaneous 0 606 608 658 656 607 633 657 631 632
148 9 subcutaneous 0 608 610 660 658 609 635 659 633 634
149 9 subcutaneous 0 610 612 662 660 611 637 661 635 636
150 9 subcutaneous 0 612 614 664 662 613 639 663 637 638
151 9 subcutaneous 0 614 616 666 664 615 641 665 639 640
152 9 subcutaneous 0 616 618 668 666 617 643 667 641 642
153 9 subcutaneous 0 618 620 670 668 619 645 669 643 644
154 9 subcutaneous 0 620 622 672 670 621 647 671 645 646
155 9 subcutaneous 0 622 624 674 672 623 649 673 647 648
156 9 subcutaneous 0 650 652 702 700 651 677 701 675 676
157 9 subcutaneous 0 652 654 704 702 653 679 703 677 678
158 9 subcutaneous 0 654 656 706 704 655 681 705 679 680
159 9 subcutaneous 0 656 658 708 706 657 683 707 681 682
160 9 subcutaneous 0 658 660 710 708 659 685 709 683 684
161 9 subcutaneous 0 660 662 712 710 661 687 711 685 686
162 9 subcutaneous 0 662 664 714 712 663 689 713 687 688
163 9 subcutaneous 0 664 666 716 714 665 691 715 689 690
164 9 subcutaneous 0 666 668 718 716 667 693 717 691 692
165 9 subcutaneous 0 668 670 720 718 669 695 719 693 694
166 9 subcutaneous 0 670 672 722 720 671 697 721 695 696
167 9 subcutaneous 0 672 674 724 722 673 699 723 697 698
168 9 subcutaneous 0 700 702 752 750 701 727 751 725 726
169 9 subcutaneous 0 702 704 754 752 703 729 753 727 728
170 9 subcutaneous 0 704 706 756 754 705 731 755 729 730
171 9 subcutaneous 0 706 708 758 756 707 733 757 731 732
172 9 subcutaneous 0 708 710 760 758 709 735 759 733 734
173 9 subcutaneous 0 710 712 762 760 711 737 761 735 736
174 9 subcutaneous 0 712 714 764 762 713 739 763 737 738
175 9 subcutaneous 0 714 716 766 764 715 741 765 739 740
176 9 subcutaneous 0 716 718 768 766 717 743 767 741 742
177 9 subcutaneous 0 718 720 770 768 719 745 769 743 744
178 9 subcutaneous 0 720 722 772 770 721 747 771 745 746
179 9 subcutaneous 0 722 724 774 772 723 749 773 747 748
180 9 subcutaneous 0 750 752 802 800 751 777 801 775 776
181 9 subcutaneous 0 752 754 804 802 753 779 803 777 778
182 9 subcutaneous 0 754 756 806 804 755 781 805 779 780
183 9 subcutaneous 0 756 758 808 806 757 783 807 781 782
184 9 subcutaneous 0 758 760 810 808 759 785 809 783 784
185 9 subcutaneous 0 760 762 812 810 761 787 811 785 786
186 9 subcutaneous 0 762 764 814 812 763 789 813 787 788
187 9 subcutaneous 0 764 766 816 814 765 791 815 789 790
188 9 subcutaneous 0 766 768 818 816 767 793 817 791 792
189 9 subcutaneous 0 768 770 820 818 769 795 819 793 794
190 9 subcutaneous 0 770 772 822 820 771 797 821 795 796
191 9 subcutaneous 0 772 774 824 822 773 799 823 797 798
192 9 subcutaneous 0 800 802 852 850 801 827 851 825 826
193 9 subcutaneous 0 802 804 854 852 803 829 853 827 828
194 9 subcutaneous 0 804 806 856 854 805 831 855 829 830
195 9 subcutaneous 0 806 808 858 856 807 833 857 831 832
196 9 subcutaneous 0 808 810 860 858 809 835 859 833 834
197 9 subcutaneous 0 810 812 862 860 811 837 861 835 836
198 9 subcutaneous 0 812 814 864 862 813 839 863 837 838
199 9 subcutaneous 0 814 816 866 864 815 841 865 839 840
200 9 subcutaneous 0 816 818 868 866 817 843 867 841 842
201 9 subcutaneous 0 818 820 870 868 819 845 869 843 844
202 9 subcutaneous 0 820 822 872 870 821 847 871 845 846
203 9 subcutaneous 0 822 824 874 872 823 849 873 847 848
204 9 subcutaneous 0 850 852 902 900 851 877 901 875 876
205 9 subcutaneous 0 852 854 904 902 853 879 903 877 878
206 9 subcutaneous 0 854 856 906 904 855 881 905 879 880
207 9 subcutaneous 0 856 858 908 906 857 883 907 881 882
208 9 subcutaneous 0 858 860 910 908 859 885 909 883 884
209 9 subcutaneous 0 860 862 912 910 861 887 911 885 886
210 9 subcutaneous 0 862 864 914 912 863 889 913 887 888
211 9 subcutaneous 0 864 866 916 914 865 891 915 889 890
212 9 subcutaneous 0 866 868 918 916 867 893 917 891 892
213 9 subcutaneous 0 868 870 920 918 869 895 919 893 894
214 9 subcutaneous 0 870 872 922 920 871 897 921 895 896
215 9 subcutaneous 0 872 874 924 922 873 899 923 897 898
216 9 subcutaneous 0 900 902 952 950 901 927 951 925 926
217 9 subcutaneous 0 902 904 954 952 903 929 953 927 928
218 9 subcutaneous 0 904 906 956 954 905 931 955 929 930
219 9 subcutaneous 0 906 908 958 956 907 933 957 931 932
220 9 subcutaneous 0 908 910 960 958 909 935 959 933 934
221 9 subcutaneous 0 910 912 962 960 911 937 961 935 936
222 9 subcutaneous 0 912 914 964 962 913 939 963 937 938
223 9 subcutaneous 0 914 916 966 964 915 941 965 939 940
224 9 subcutaneous 0 916 918 968 966 917 943 967 941 942
225 9 subcutaneous 0 918 920 970 968 919 945 969 943 944
226 9 subcutaneous 0 920 922 972 970 921 947 971 945 946
227 9 subcutaneous 0 922 924 974 972 923 949 973 947 948
228 9 subcutaneous 0 950 952 1002 1000 951 977 1001 975 976
229 9 subcutaneous 0 952 954 1004 1002 953 979 1003 977 978
230 9 subcutaneous 0 954 956 1006 1004 955 981 1005 979 980
231 9 subcutaneous 0 956 958 1008 1006 957 983 1007 981 982
232 9 subcutaneous 0 958 960 1010 1008 959 985 1009 983 984
233 9 subcutaneous 0 960 962 1012 1010 961 987 1011 985 986
234 9 subcutaneous 0 962 964 1014 1012 963 989 1013 987 988
235 9 subcutaneous 0 964 966 1016 1014 965 991 1015 989 990
236 9 subcutaneous 0 966 968 1018 1016 967 993 1017 991 992
237 9 subcutaneous 0 968 970 1020 1018 969 995 1019 993 994
238 9 subcutaneous 0 970 972 1022 1020 971 997 1021 995 996
239 9 subcutaneous 0 972 974 1024 1022 973 999 1023 997 998
240 9 subcutaneous 0 1000 1002 1052 1050 1001 1027 1051 1025 1026
241 9 subcutaneous 0 1002 1004 1054 1052 1003 1029 1053 1027 1028
242 9 subcutaneous 0 1004 1006 1056 1054 1005 1031 1055 1029 1030
243 9 subcutaneous 0 1006 1008 1058 1056 1007 1033 1057 1031 1032
244 9 subcutaneous 0 1008 1010 1060 1058 1009 1035 1059 1033 1034
245 9 subcutaneous 0 1010 1012 1062 1060 1011 1037 1061 1035 1036
246 9 subcutaneous 0 1012 1014 1064 1062 1013 1039 1063 1037 1038
247 9 subcutaneous 0 1014 1016 1066 1064 1015 1041 1065 1039 1040
248 9 subcutaneous 0 1016 1018 1068 1066 1017 1043 1067 1041 1042
249 9 subcutaneous 0 1018 1020 1070 1068 1019 1045 1069 1043 1044
250 9 subcutaneous 0 1020 1022 1072 1070 1021 1047 1071 1045 1046
251 9 subcutaneous 0 1022 1024 1074 1072 1023 1049 1073 1047 1048
252 9 subcutaneous 0 1050 1052 1102 1100 1051 1077 1101 1075 1076
253 9 subcutaneous 0 1052 1054 1104 1102 1053 1079 1103 1077 1078
254 9 subcutaneous 0 1054 1056 1106 1104 1055 1081 1105 1079 1080
255 9 subcutaneous 0 1056 1058 1108 1106 1057 1083 1107 1081 1082
256 9 subcutaneous 0 1058 1060 1110 1108 1059 1085 1109 1083 1084
257 9 subcutaneous 0 1060 1062 1112 1110 1061 1087 1111 1085 1086
258 9 subcutaneous 0 1062 1064 1114 1112 1063 1089 1113 1087 1088
259 9 subcutaneous 0 1064 1066 1116 1114 1065 1091 1115 1089 1090
260 9 subcutaneous 0 1066 1068 1118 1116 1067 1093 1117 1091 1092
261 9 subcutaneous 0 1068 1070 1120 1118 1069 1095 1119 1093 1094
262 9 subcutaneous 0 1070 1072 1122 1120 1071 1097 1121 1095 1096
263 9 subcutaneous 0 1072 1074 1124 1122 1073 1099 1123 1097 1098
264 9 subcutaneous 0 1100 1102 1152 1150 1101 1127 1151 1125 1126
265 9 subcutaneous 0 1102 1104 1154 1152 1103 1129 1153 1127 1128
266 9 subcutaneous 0 1104 1106 1156 1154 1105 1131 1155 1129 1130
267 9 subcutaneous 0 1106 1108 1158 1156 1107 1133 1157 1131 1132
268 9 subcutaneous 0 1108 1110 1160 1158 1109 1135 1159 1133 1134
269 9 subcutaneous 0 1110 1112 1162 1160 1111 1137 1161 1135 1136
270 9 subcutaneous 0 1112 1114 1164 1162 1113 1139 1163 1137 1138
271 9 subcutaneous 0 1114 1116 1166 1164 1115 1141 1165 1139 1140
272 9 subcutaneous 0 1116 1118 1168 1166 1117 1143 1167 1141 1142
273 9 subcutaneous 0 1118 1120 1170 1168 1119 1145 1169 1143 1144
274 9 subcutaneous 0 1120 1122 1172 1170 1121 1147 1171 1145 1146
275 9 subcutaneous 0 1122 1124 1174 1172 1123 1149 1173 1147 1148
276 9 subcutaneous 0 1150 1152 1202 1200 1151 1177 1201 1175 1176
277 9 subcutaneous 0 1152 1154 1204 1202 1153 1179 1203 1177 1178
278 9 subcutaneous 0 1154 1156 1206 1204 1155 1181 1205 1179 1180
279 9 subcutaneous 0 1156 1158 1208 1206 1157 1183 1207 1181 1182
280 9 subcutaneous 0 1158 1160 1210 1208 1159 1185 1209 1183 1184
281 9 subcutaneous 0 1160 1162 1212 1210 1161 1187 1211 1185 1186
282 9 subcutaneous 0 1162 1164 1214 1212 1163 1189 1213 1187 1188
283 9 subcutaneous 0 1164 1166 1216 1214 1165 1191 1215 1189 1190
284 9 subcutaneous 0 1166 1168 1218 1216 1167 1193 1217 1191 1192
285 9 subcutaneous 0 1168 1170 1220 1218 1169 1195 1219 1193 1194
286 9 subcutaneous 0 1170 1172 1222 1220 1171 1197 1221 1195 1196
287 9 subcutaneous 0 1172 1174 1224 1222 1173 1199 1223 1197 1198
288 9 subcutaneous 0 1200 1202 1252 1250 1201 1227 1251 1225 1226
289 9 subcutaneous 0 1202 1204 1254 1252 1203 1229 1253 1227 1228
290 9 subcutaneous 0 1204 1206 1256 1254 1205 1231 1255 1229 1230
291 9 subcutaneous 0 1206 1208 1258 1256 1207 1233 1257 1231 1232
292 9 subcutaneous 0 1208 1210 1260 1258 1209 1235 1259 1233 1234
293 9 subcutaneous 0 1210 1212 1262 1260 1211 1237 1261 1235 1236
294 9 subcutaneous 0 1212 1214 1264 1262 1213 1239 1263 1237 1238
295 9 subcutaneous 0 1214 1216 1266 1264 1215 1241 1265 1239 1240
296 9 subcutaneous 0 1216 1218 1268 1266 1217 1243 1267 1241 1242
297 9 subcutaneous 0 1218 1220 1270 1268 1219 1245 1269 1243 1244
298 9 subcutaneous 0 1220 1222 1272 1270 1221 1247 1271 1245 1246
299 9 subcutaneous 0 1222 1224 1274 1272 1223 1249 1273 1247 1248
300 9 subcutaneous 0 1250 1252 1302 1300 1251 1277 1301 1275 1276
301 9 subcutaneous 0 1252 1254 1304 1302 1253 1279 1303 1277 1278
302 9 subcutaneous 0 1254 1256 1306 1304 1255 1281 1305 1279 1280
303 9 subcutaneous 0 1256 1258 1308 1306 1257 1283 1307 1281 1282
304 9 subcutaneous 0 1258 1260 1310 1308 1259 1285 1309 1283 1284
305 9 subcutaneous 0 1260 1262 1312 1310 1261 1287 1311 1285 1286
306 9 subcutaneous 0 1262 1264 1314 1312 1263 1289 1313 1287 1288
307 9 subcutaneous 0 1264 1266 1316 1314 1265 1291 1315 1289 1290
308 9 subcutaneous 0 1266 1268 1318 1316 1267 1293 1317 1291 1292
309 9 subcutaneous 0 1268 1270 1320 1318 1269 1295 1319 1293 1294
310 9 subcutaneous 0 1270 1272 1322 1320 1271 1297 1321 1295 1296
311 9 subcutaneous 0 1272 1274 1324 1322 1273 1299 1323 1297 1298
312 9 subcutaneous 0 1300 1302 1352 1350 1301 1327 1351 1325 1326
313 9 subcutaneous 0 1302 1304 1354 1352 1303 1329 1353 1327 1328
314 9 subcutaneous 0 1304 1306 1356 1354 1305 1331 1355 1329 1330
315 9 subcutaneous 0 1306 1308 1358 1356 1307 1333 1357 1331 1332
316 9 subcutaneous 0 1308 1310 1360 1358 1309 1335 1359 1333 1334
317 9 subcutaneous 0 1310 1312 1362 1360 1311 1337 1361 1335 1336
318 9 subcutaneous 0 1312 1314 1364 1362 1313 1339 1363 1337 1338
319 9 subcutaneous 0 1314 1316 1366 1364 1315 1341 1365 1339 1340
320 9 subcutaneous 0 1316 1318 1368 1366 1317 1343 1367 1341 1342
321 9 subcutaneous 0 1318 1320 1370 1368 1319 1345 1369 1343 1344
322 9 subcutaneous 0 1320 1322 1372 1370 1321 1347 1371 1345 1346
323 9 subcutaneous 0 1322 1324 1374 1372 1323 1349 1373 1347 1348
324 9 subcutaneous 0 1350 1352 1402 1400 1351 1377 1401 1375 1376
325 9 subcutaneous 0 1352 1354 1404 1402 1353 1379 1403 1377 1378
326 9 subcutaneous 0 1354 1356 1406 1404 1355 1381 1405 1379 1380
327 9 subcutaneous 0 1356 1358 1408 1406 1357 1383 1407 1381 1382
328 9 subcutaneous 0 1358 1360 1410 1408 1359 1385 1409 1383 1384
329 9 subcutaneous 0 1360 1362 1412 1410 1361 1387 1411 1385 1386
330 9 subcutaneous 0 1362 1364 1414 1412 1363 1389 1413 1387 1388
331 9 subcutaneous 0 1364 1366 1416 1414 1365 1391 1415 1389 1390
332 9 subcutaneous 0 1366 1368 1418 1416 1367 1393 1417 1391 1392
333 9 subcutaneous 0 1368 1370 1420 1418 1369 1395 1419 1393 1394
334 9 subcutaneous 0 1370 1372 1422 1420 1371 1397 1421 1395 1396
335 9 subcutaneous 0 1372 1374 1424 1422 1373 1399 1423 1397 1398
336 9 subcutaneous 0 1400 1402 1452 1450 1401 1427 1451 1425 1426
337 9 subcutaneous 0 1402 1404 1454 1452 1403 1429 1453 1427 1428
338 9 subcutaneous 0 1404 1406 1456 1454 1405 1431 1455 1429 1430
339 9 subcutaneous 0 1406 1408 1458 1456 1407 1433 1457 1431 1432
340 9 subcutaneous 0 1408 1410 1460 1458 1409 1435 1459 1433 1434
341 9 subcutaneous 0 1410 1412 1462 1460 1411 1437 1461 1435 1436
342 9 subcutaneous 0 1412 1414 1464 1462 1413 1439 1463 1437 1438
343 9 subcutaneous 0 1414 1416 1466 1464 1415 1441 1465 1439 1440
344 9 subcutaneous 0 1416 1418 1468 1466 1417 1443 1467 1441 1442
345 9 subcutaneous 0 1418 1420 1470 1468 1419 1445 1469 1443 1444
346 9 subcutaneous 0 1420 1422 1472 1470 1421 1447 1471 1445 1446
347 9 subcutaneous 0 1422 1424 1474 1472 1423 1449 1473 1447 1448
348 9 subcutaneous 0 1450 1452 1502 1500 1451 1477 1501 1475 1476
349 9 subcutaneous 0 1452 1454 1504 1502 1453 1479 1503 1477 1478
350 9 subcutaneous 0 1454 1456 1506 1504 1455 1481 1505 1479 1480
351 9 subcutaneous 0 1456 1458 1508 1506 1457 1483 1507 1481 1482
352 9 subcutaneous 0 1458 1460 1510 1508 1459 1485 1509 1483 1484
353 9 subcutaneous 0 1460 1462 1512 1510 1461 1487 1511 1485 1486
354 9 subcutaneous 0 1462 1464 1514 1512 1463 1489 1513 1487 1488
355 9 subcutaneous 0 1464 1466 1516 1514 1465 1491 1515 1489 1490
356 9 subcutaneous 0 1466 1468 1518 1516 1467 1493 1517 1491 1492
357 9 subcutaneous 0 1468 1470 1520 1518 1469 1495 1519 1493 1494
358 9 subcutaneous 0 1470 1472 1522 1520 1471 1497 1521 1495 1496
359 9 subcutaneous 0 1472 1474 1524 1522 1473 1499 1523 1497 1498
360 9 subcutaneous 0 1500 1502 1552 1550 1501 1527 1551 1525 1526
361 9 subcutaneous 0 1502 1504 1554 1552 1503 1529 1553 1527 1528
362 9 subcutaneous 0 1504 1506 1556 1554 1505 1531 1555 1529 1530
363 9 subcutaneous 0 1506 1508 1558 1556 1507 1533 1557 1531 1532
364 9 subcutaneous 0 1508 1510 1560 1558 1509 1535 1559 1533 1534
365 9 subcutaneous 0 1510 1512 1562 1560 1511 1537 1561 1535 1536
366 9 subcutaneous 0 1512 1514 1564 1562 1513 1539 1563 1537 1538
367 9 subcutaneous 0 1514 1516 1566 1564 1515 1541 1565 1539 1540
368 9 subcutaneous 0 1516 1518 1568 1566 1517 1543 1567 1541 1542
369 9 subcutaneous 0 1518 1520 1570 1568 1519 1545 1569 1543 1544
370 9 subcutaneous 0 1520 1522 1572 1570 1521 1547 1571 1545 1546
371 9 subcutaneous 0 1522 1524 1574 1572 1523 1549 1573 1547 1548
372 9 subcutaneous 0 1550 1552 1602 1600 1551 1577 1601 1575 1576
373 9 subcutaneous 0 1552 1554 1604 1602 1553 1579 1603 1577 1578
374 9 subcutaneous 0 1554 1556 1606 1604 1555 1581 1605 1579 1580
375 9 subcutaneous 0 1556 1558 1608 1606 1557 1583 1607 1581 1582
376 9 subcutaneous 0 1558 1560 1610 1608 1559 1585 1609 1583 1584
377 9 subcutaneous 0 1560 1562 1612 1610 1561 1587 1611 1585 1586
378 9 subcutaneous 0 1562 1564 1614 1612 1563 1589 1613 1587 1588
379 9 subcutaneous 0 1564 1566 1616 1614 1565 1591 1615 1589 1590
380 9 subcutaneous 0 1566 1568 1618 1616 1567 1593 1617 1591 1592
381 9 subcutaneous 0 1568 1570 1620 1618 1569 1595 1619 1593 1594
382 9 subcutaneous 0 1570 1572 1622 1620 1571 1597 1621 1595 1596
383 9 subcutaneous 0 1572 1574 1624 1622 1573 1599 1623 1597 1598
384 9 subcutaneous 0 1600 1602 1652 1650 1601 1627 1651 1625 1626
385 9 subcutaneous 0 1602 1604 1654 1652 1603 1629 1653 1627 1628
386 9 subcutaneous 0 1604 1606 1656 1654 1605 1631 1655 1629 1630
387 9 subcutaneous 0 1606 1608 1658 1656 1607 1633 1657 1631 1632
388 9 subcutaneous 0 1608 1610 1660 1658 1609 1635 1659 1633 1634
389 9 subcutaneous 0 1610 1612 1662 1660 1611 1637 1661 1635 1636
390 9 subcutaneous 0 1612 1614 1664 1662 1613 1639 1663 1637 1638
391 9 subcutaneous 0 1614 1616 1666 1664 1615 1641 1665 1639 1640
392 9 subcutaneous 0 1616 1618 1668 1666 1617 1643 1667 1641 1642
393 9 subcutaneous 0 1618 1620 1670 1668 1619 1645 1669 1643 1644
394 9 subcutaneous 0 1620 1622 1672 1670 1621 1647 1671 1645 1646
395 9 subcutaneous 0 1622 1624 1674 1672 1623 1649 1673 1647 1648
396 9 subcutaneous 0 1650 1652 1702 1700 1651 1677 1701 1675 1676
397 9 subcutaneous 0 1652 1654 1704 1702 1653 1679 1703 1677 1678
398 9 subcutaneous 0 1654 1656 1706 1704 1655 1681 1705 1679 1680
399 9 subcutaneous 0 1656 1658 1708 1706 1657 1683 1707 1681 1682
400 9 subcutaneous 0 1658 1660 1710 1708 1659 1685 1709 1683 1684
401 9 subcutaneous 0 1660 1662 1712 1710 1661 1687 1711 1685 1686
402 9 subcutaneous 0 1662 1664 1714 1712 1663 1689 1713 1687 1688
403 9 subcutaneous 0 1664 1666 1716 1714 1665 1691 1715 1689 1690
404 9 subcutaneous 0 1666 1668 1718 1716 1667 1693 1717 1691 1692
405 9 subcutaneous 0 1668 1670 1720 1718 1669 1695 1719 1693 1694
406 9 subcutaneous 0 1670 1672 1722 1720 1671 1697 1721 1695 1696
407 9 subcutaneous 0 1672 1674 1724 1722 1673 1699 1723 1697 1698
408 9 subcutaneous 0 1700 1702 1752 1750 1701 1727 1751 1725 1726
409 9 subcutaneous 0 1702 1704 1754 1752 1703 1729 1753 1727 1728
410 9 subcutaneous 0 1704 1706 1756 1754 1705 1731 1755 1729 1730
411 9 subcutaneous 0 1706 1708 1758 1756 1707 1733 1757 1731 1732
412 9 subcutaneous 0 1708 1710 1760 1758 1709 1735 1759 1733 1734
413 9 subcutaneous 0 1710 1712 1762 1760 1711 1737 1761 1735 1736
414 9 subcutaneous 0 1712 1714 1764 1762 1713 1739 1763 1737 1738
415 9 subcutaneous 0 1714 1716 1766 1764 1715 1741 1765 1739 1740
416 9 subcutaneous 0 1716 1718 1768 1766 1717 1743 1767 1741 1742
417 9 subcutaneous 0 1718 1720 1770 1768 1719 1745 1769 1743 1744
418 9 subcutaneous 0 1720 1722 1772 1770 1721 1747 1771 1745 1746
419 9 subcutaneous 0 1722 1724 1774 1772 1723 1749 1773 1747 1748
420 9 subcutaneous 0 1750 1752 1802 1800 1751 1777 1801 1775 1776
421 9 subcutaneous 0 1752 1754 1804 1802 1753 1779 1803 1777 1778
422 9 subcutaneous 0 1754 1756 1806 1804 1755 1781 1805 1779 1780
423 9 subcutaneous 0 1756 1758 1808 1806 1757 1783 1807 1781 1782
424 9 subcutaneous 0 1758 1760 1810 1808 1759 1785 1809 1783 1784
425 9 subcutaneous 0 1760 1762 1812 1810 1761 1787 1811 1785 1786
426 9 subcutaneous 0 1762 1764 1814 1812 1763 1789 1813 1787 1788
427 9 subcutaneous 0 1764 1766 1816 1814 1765 1791 1815 1789 1790
428 9 subcutaneous 0 1766 1768 1818 1816 1767 1793 1817 1791 1792
429 9 subcutaneous 0 1768 1770 1820 1818 1769 1795 1819 1793 1794
430 9 subcutaneous 0 1770 1772 1822 1820 1771 1797 1821 1795 1796
431 9 subcutaneous 0 1772 1774 1824 1822 1773 1799 1823 1797 1798
432 9 subcutaneous 0 1800 1802 1852 1850 1801 1827 1851 1825 1826
433 9 subcutaneous 0 1802 1804 1854 1852 1803 1829 1853 1827 1828
434 9 subcutaneous 0 1804 1806 1856 1854 1805 1831 1855 1829 1830
435 9 subcutaneous 0 1806 1808 1858 1856 1807 1833 1857 1831 1832
436 9 subcutaneous 0 1808 1810 1860 1858 1809 1835 1859 1833 1834
437 9 subcutaneous 0 1810 1812 1862 1860 1811 1837 1861 1835 1836
438 9 subcutaneous 0 1812 1814 1864 1862 1813 1839 1863 1837 1838
439 9 subcutaneous 0 1814 1816 1866 1864 1815 1841 1865 1839 1840
440 9 subcutaneous 0 1816 1818 1868 1866 1817 1843 1867 1841 1842
441 9 subcutaneous 0 1818 1820 1870 1868 1819 1845 1869 1843 1844
442 9 subcutaneous 0 1820 1822 1872 1870 1821 1847 1871 1845 1846
443 9 subcutaneous 0 1822 1824 1874 1872 1823 1849 1873 1847 1848
444 9 subcutaneous 0 1850 1852 1902 1900 1851 1877 1901 1875 1876
445 9 subcutaneous 0 1852 1854 1904 1902 1853 1879 1903 1877 1878
446 9 subcutaneous 0 1854 1856 1906 1904 1855 1881 1905 1879 1880
447 9 subcutaneous 0 1856 1858 1908 1906 1857 1883 1907 1881 1882
448 9 subcutaneous 0 1858 1860 1910 1908 1859 1885 1909 1883 1884
449 9 subcutaneous 0 1860 1862 1912 1910 1861 1887 1911 1885 1886
450 9 subcutaneous 0 1862 1864 1914 1912 1863 1889 1913 1887 1888
451 9 subcutaneous 0 1864 1866 1916 1914 1865 1891 1915 1889 1890
452 9 subcutaneous 0 1866 1868 1918 1916 1867 1893 1917 1891 1892
453 9 subcutaneous 0 1868 1870 1920 1918 1869 1895 1919 1893 1894
454 9 subcutaneous 0 1870 1872 1922 1920 1871 1897 1921 1895 1896
455 9 subcutaneous 0 1872 1874 1924 1922 1873 1899 1923 1897 1898
456 9 subcutaneous 0 1900 1902 1952 1950 1901 1927 1951 1925 1926
457 9 subcutaneous 0 1902 1904 1954 1952 1903 1929 1953 1927 1928
458 9 subcutaneous 0 1904 1906 1956 1954 1905 1931 1955 1929 1930
459 9 subcutaneous 0 1906 1908 1958 1956 1907 1933 1957 1931 1932
460 9 subcutaneous 0 1908 1910 1960 1958 1909 1935 1959 1933 1934
461 9 subcutaneous 0 1910 1912 1962 1960 1911 1937 1961 1935 1936
462 9 subcutaneous 0 1912 1914 1964 1962 1913 1939 1963 1937 1938
463 9 subcutaneous 0 1914 1916 1966 1964 1915 1941 1965 1939 1940
464 9 subcutaneous 0 1916 1918 1968 1966 1917 1943 1967 1941 1942
465 9 subcutaneous 0 1918 1920 1970 1968 1919 1945 1969 1943 1944
466 9 subcutaneous 0 1920 1922 1972 1970 1921 1947 1971 1945 1946
467 9 subcutaneous 0 1922 1924 1974 1972 1923 1949 1973 1947 1948
468 9 subcutaneous 0 1950 1952 2002 2000 1951 1977 2001 1975 1976
469 9 subcutaneous 0 1952 1954 2004 2002 1953 1979 2003 1977 1978
470 9 subcutaneous 0 1954 1956 2006 2004 1955 1981 2005 1979 1980
471 9 subcutaneous 0 1956 1958 2008 2006 1957 1983 2007 1981 1982
472 9 subcutaneous 0 1958 1960 2010 2008 1959 1985 2009 1983 1984
473 9 subcutaneous 0 1960 1962 2012 2010 1961 1987 2011 1985 1986
474 9 subcutaneous 0 1962 1964 2014 2012 1963 1989 2013 1987 1988
475 9 subcutaneous 0 1964 1966 2016 2014 1965 1991 2015 1989 1990
476 9 subcutaneous 0 1966 1968 2018 2016 1967 1993 2017 1991 1992
477 9 subcutaneous 0 1968 1970 2020 2018 1969 1995 2019 1993 1994
478 9 subcutaneous 0 1970 1972 2022 2020 1971 1997 2021 1995 1996
479 9 subcutaneous 0 1972 1974 2024 2022 1973 1999 2023 1997 1998
480 9 subcutaneous 0 2000 2002 2052 2050 2001 2027 2051 2025 2026
481 9 subcutaneous 0 2002 2004 2054 2052 2003 2029 2053 2027 2028
482 9 subcutaneous 0 2004 2006 2056 2054 2005 2031 2055 2029 2030
483 9 subcutaneous 0 2006 2008 2058 2056 2007 2033 2057 2031 2032
484 9 subcutaneous 0 2008 2010 2060 2058 2009 2035 2059 2033 2034
485 9 subcutaneous 0 2010 2012 2062 2060 2011 2037 2061 2035 2036
486 9 subcutaneous 0 2012 2014 2064 2062 2013 2039 2063 2037 2038
487 9 subcutaneous 0 2014 2016 2066 2064 2015 2041 2065 2039 2040
488 9 subcutaneous 0 2016 2018 2068 2066 2017 2043 2067 2041 2042
489 9 subcutaneous 0 2018 2020 2070 2068 2019 2045 2069 2043 2044
490 9 subcutaneous 0 2020 2022 2072 2070 2021 2047 2071 2045 2046
491 9 subcutaneous 0 2022 2024 2074 2072 2023 2049 2073 2047 2048
492 9 subcutaneous 0 2050 2052 2102 2100 2051 2077 2101 2075 2076
493 9 subcutaneous 0 2052 2054 2104 2102 2053 2079 2103 2077 2078
494 9 subcutaneous 0 2054 2056 2106 2104 2055 2081 2105 2079 2080
495 9 subcutaneous 0 2056 2058 2108 2106 2057 2083 2107 2081 2082
496 9 subcutaneous 0 2058 2060 2110 2108 2059 2085 2109 2083 2084
497 9 subcutaneous 0 2060 2062 2112 2110 2061 2087 2111 2085 2086
498 9 subcutaneous 0 2062 2064 2114 2112 2063 2089 2113 2087 2088
499 9 subcutaneous 0 2064 2066 2116 2114 2065 2091 2115 2089 2090
500 9 subcutaneous 0 2066 2068 2118 2116 2067 2093 2117 2091 2092
501 9 subcutaneous 0 2068 2070 2120 2118 2069 2095 2119 2093 2094
502 9 subcutaneous 0 2070 2072 2122 2120 2071 2097 2121 2095 2096
503 9 subcutaneous 0 2072 2074 2124 2122 2073 2099 2123 2097 2098
504 9 subcutaneous 0 2100 2102 2152 2150 2101 2127 2151 2125 2126
505 9 subcutaneous 0 2102 2104 2154 2152 2103 2129 2153 2127 2128
506 9 subcutaneous 0 2104 2106 2156 2154 2105 2131 2155 2129 2130
507 9 subcutaneous 0 2106 2108 2158 2156 2107 2133 2157 2131 2132
508 9 subcutaneous 0 2108 2110 2160 2158 2109 2135 2159 2133 2134
509 9 subcutaneous 0 2110 2112 2162 2160 2111 2137 2161 2135 2136
510 9 subcutaneous 0 2112 2114 2164 2162 2113 2139 2163 2137 2138
511 9 subcutaneous 0 2114 2116 2166 2164 2115 2141 2165 2139 2140
512 9 subcutaneous 0 2116 2118 2168 2166 2117 2143 2167 2141 2142
513 9 subcutaneous 0 2118 2120 2170 2168 2119 2145 2169 2143 2144
514 9 subcutaneous 0 2120 2122 2172 2170 2121 2147 2171 2145 2146
515 9 subcutaneous 0 2122 2124 2174 2172 2123 2149 2173 2147 2148
516 9 subcutaneous 0 2150 2152 2202 2200 2151 2177 2201 2175 2176
517 9 subcutaneous 0 2152 2154 2204 2202 2153 2179 2203 2177 2178
518 9 subcutaneous 0 2154 2156 2206 2204 2155 2181 2205 2179 2180
519 9 subcutaneous 0 2156 2158 2208 2206 2157 2183 2207 2181 2182
520 9 subcutaneous 0 2158 2160 2210 2208 2159 2185 2209 2183 2184
521 9 subcutaneous 0 2160 2162 2212 2210 2161 2187 2211 2185 2186
522 9 subcutaneous 0 2162 2164 2214 2212 2163 2189 2213 2187 2188
523 9 subcutaneous 0 2164 2166 2216 2214 2165 2191 2215 2189 2190
524 9 subcutaneous 0 2166 2168 2218 2216 2167 2193 2217 2191 2192
525 9 subcutaneous 0 2168 2170 2220 2218 2169 2195 2219 2193 2194
526 9 subcutaneous 0 2170 2172 2222 2220 2171 2197 2221 2195 2196
527 9 subcutaneous 0 2172 2174 2224 2222 2173 2199 2223 2197 2198
528 9 subcutaneous 0 2200 2202 2252 2250 2201 2227 2251 2225 2226
529 9 subcutaneous 0 2202 2204 2254 2252 2203 2229 2253 2227 2228
530 9 subcutaneous 0 2204 2206 2256 2254 2205 2231 2255 2229 2230
531 9 subcutaneous 0 2206 2208 2258 2256 2207 2233 2257 2231 2232
532 9 subcutaneous 0 2208 2210 2260 2258 2209 2235 2259 2233 2234
533 9 subcutaneous 0 2210 2212 2262 2260 2211 2237 2261 2235 2236
534 9 subcutaneous 0 2212 2214 2264 2262 2213 2239 2263 2237 2238
535 9 subcutaneous 0 2214 2216 2266 2264 2215 2241 2265 2239 2240
536 9 subcutaneous 0 2216 2218 2268 2266 2217 2243 2267 2241 2242
537 9 subcutaneous 0 2218 2220 2270 2268 2219 2245 2269 2243 2244
538 9 subcutaneous 0 2220 2222 2272 2270 2221 2247 2271 2245 2246
539 9 subcutaneous 0 2222 2224 2274 2272 2223 2249 2273 2247 2248
540 9 subcutaneous 0 2250 2252 2302 2300 2251 2277 2301 2275 2276
541 9 subcutaneous 0 2252 2254 2304 2302 2253 2279 2303 2277 2278
542 9 subcutaneous 0 2254 2256 2306 2304 2255 2281 2305 2279 2280
543 9 subcutaneous 0 2256 2258 2308 2306 2257 2283 2307 2281 2282
544 9 subcutaneous 0 2258 2260 2310 2308 2259 2285 2309 2283 2284
545 9 subcutaneous 0 2260 2262 2312 2310 2261 2287 2311 2285 2286
546 9 subcutaneous 0 2262 2264 2314 2312 2263 2289 2313 2287 2288
547 9 subcutaneous 0 2264 2266 2316 2314 2265 2291 2315 2289 2290
548 9 subcutaneous 0 2266 2268 2318 2316 2267 2293 2317 2291 2292
549 9 subcutaneous 0 2268 2270 2320 2318 2269 2295 2319 2293 2294
550 9 subcutaneous 0 2270 2272 2322 2320 2271 2297 2321 2295 2296
551 9 subcutaneous 0 2272 2274 2324 2322 2273 2299 2323 2297 2298
552 9 subcutaneous 0 2300 2302 2352 2350 2301 2327 2351 2325 2326
553 9 subcutaneous 0 2302 2304 2354 2352 2303 2329 2353 2327 2328
554 9 subcutaneous 0 2304 2306 2356 2354 2305 2331 2355 2329 2330
555 9 subcutaneous 0 2306 2308 2358 2356 2307 2333 2357 2331 2332
556 9 subcutaneous 0 2308 2310 2360 2358 2309 2335 2359 2333 2334
557 9 subcutaneous 0 2310 2312 2362 2360 2311 2337 2361 2335 2336
558 9 subcutaneous 0 2312 2314 2364 2362 2313 2339 2363 2337 2338
559 9 subcutaneous 0 2314 2316 2366 2364 2315 2341 2365 2339 2340
560 9 subcutaneous 0 2316 2318 2368 2366 2317 2343 2367 2341 2342
561 9 subcutaneous 0 2318 2320 2370 2368 2319 2345 2369 2343 2344
562 9 subcutaneous 0 2320 2322 2372 2370 2321 2347 2371 2345 2346
563 9 subcutaneous 0 2322 2324 2374 2372 2323 2349 2373 2347 2348
564 9 subcutaneous 0 2350 2352 2402 2400 2351 2377 2401 2375 2376
565 9 subcutaneous 0 2352 2354 2404 2402 2353 2379 2403 2377 2378
566 9 subcutaneous 0 2354 2356 2406 2404 2355 2381 2405 2379 2380
567 9 subcutaneous 0 2356 2358 2408 2406 2357 2383 2407 2381 2382
568 9 subcutaneous 0 2358 2360 2410 2408 2359 2385 2409 2383 2384
569 9 subcutaneous 0 2360 2362 2412 2410 2361 2387 2411 2385 2386
570 9 subcutaneous 0 2362 2364 2414 2412 2363 2389 2413 2387 2388
571 9 subcutaneous 0 2364 2366 2416 2414 2365 2391 2415 2389 2390
572 9 subcutaneous 0 2366 2368 2418 2416 2367 2393 2417 2391 2392
573 9 subcutaneous 0 2368 2370 2420 2418 2369 2395 2419 2393 2394
574 9 subcutaneous 0 2370 2372 2422 2420 2371 2397 2421 2395 2396
575 9 subcutaneous 0 2372 2374 2424 2422 2373 2399 2423 2397 2398
576 9 dermis 0 2400 2402 2452 2450 2401 2427 2451 2425 2426
577 9 dermis 0 2402 2404 2454 2452 2403 2429 2453 2427 2428
578 9 dermis 0 2404 2406 2456 2454 2405 2431 2455 2429 2430
579 9 dermis 0 2406 2408 2458 2456 2407 2433 2457 2431 2432
580 9 dermis 0 2408 2410 2460 2458 2409 2435 2459 2433 2434
581 9 dermis 0 2410 2412 2462 2460 2411 2437 2461 2435 2436
582 9 dermis 0 2412 2414 2464 2462 2413 2439 2463 2437 2438
583 9 dermis 0 2414 2416 2466 2464 2415 2441 2465 2439 2440
584 9 dermis 0 2416 2418 2468 2466 2417 2443 2467 2441 2442
585 9 dermis 0 2418 2420 2470 2468 2419 2445 2469 2443 2444
586 9 dermis 0 2420 2422 2472 2470 2421 2447 2471 2445 2446
587 9 dermis 0 2422 2424 2474 2472 2423 2449 2473 2447 2448
588 9 dermis 0 2450 2452 2502 2500 2451 2477 2501 2475 2476
589 9 dermis 0 2452 2454 2504 2502 2453 2479 2503 2477 2478
590 9 dermis 0 2454 2456 2506 2504 2455 2481 2505 2479 2480
591 9 dermis 0 2456 2458 2508 2506 2457 2483 2507 2481 2482
592 9 dermis 0 2458 2460 2510 2508 2459 2485 2509 2483 2484
593 9 dermis 0 2460 2462 2512 2510 2461 2487 2511 2485 2486
594 9 dermis 0 2462 2464 2514 2512 2463 2489 2513 2487 2488
595 9 dermis 0 2464 2466 2516 2514 2465 2491 2515 2489 2490
596 9 dermis 0 2466 2468 2518 2516 2467 2493 2517 2491 2492
597 9 dermis 0 2468 2470 2520 2518 2469 2495 2519 2493 2494
598 9 dermis 0 2470 2472 2522 2520 2471 2497 2521 2495 2496
599 9 dermis 0 2472 2474 2524 2522 2473 2499 2523 2497 2498
600 9 dermis 0 2500 2502 2552 2550 2501 2527 2551 2525 2526
601 9 dermis 0 2502 2504 2554 2552 2503 2529 2553 2527 2528
602 9 dermis 0 2504 2506 2556 2554 2505 2531 2555 2529 2530
603 9 dermis 0 2506 2508 2558 2556 2507 2533 2557 2531 2532
604 9 dermis 0 2508 2510 2560 2558 2509 2535 2559 2533 2534
605 9 dermis 0 2510 2512 2562 2560 2511 2537 2561 2535 2536
606 9 dermis 0 2512 2514 2564 2562 2513 2539 2563 2537 2538
607 9 dermis 0 2514 2516 2566 2564 2515 2541 2565 2539 2540
608 9 dermis 0 2516 2518 2568 2566 2517 2543 2567 2541 2542
609 9 dermis 0 2518 2520 2570 2568 2519 2545 2569 2543 2544
610 9 dermis 0 2520 2522 2572 2570 2521 2547 2571 2545 2546
611 9 dermis 0 2522 2524 2574 2572 2523 2549 2573 2547 2548
612 9 dermis 0 2550 2552 2602 2600 2551 2577 2601 2575 2576
613 9 dermis 0 2552 2554 2604 2602 2553 2579 2603 2577 2578
614 9 dermis 0 2554 2556 2606 2604 2555 2581 2605 2579 2580
615 9 dermis 0 2556 2558 2608 2606 2557 2583 2607 2581 2582
616 9 dermis 0 2558 2560 2610 2608 2559 2585 2609 2583 2584
617 9 dermis 0 2560 2562 2612 2610 2561 2587 2611 2585 2586
618 9 dermis 0 2562 2564 2614 2612 2563 2589 2613 2587 2588
619 9 dermis 0 2564 2566 2616 2614 2565 2591 2615 2589 2590
620 9 dermis 0 2566 2568 2618 2616 2567 2593 2617 2591 2592
621 9 dermis 0 2568 2570 2620 2618 2569 2595 2619 2593 2594
622 9 dermis 0 2570 2572 2622 2620 2571 2597 2621 2595 2596
623 9 dermis 0 2572 2574 2624 2622 2573 2599 2623 2597 2598
624 9 dermis 0 2600 2602 2652 2650 2601 2627 2651 2625 2626
625 9 dermis 0 2602 2604 2654 2652 2603 2629 2653 2627 2628
626 9 dermis 0 2604 2606 2656 2654 2605 2631 2655 2629 2630
627 9 dermis 0 2606 2608 2658 2656 2607 2633 2657 2631 2632
628 9 dermis 0 2608 2610 2660 2658 2609 2635 2659 2633 2634
629 9 dermis 0 2610 2612 2662 2660 2611 2637 2661 2635 2636
630 9 dermis 0 2612 2614 2664 2662 2613 2639 2663 2637 2638
631 9 dermis 0 2614 2616 2666 2664 2615 2641 2665 2639 2640
632 9 dermis 0 2616 2618 2668 2666 2617 2643 2667 2641 2642
633 9 dermis 0 2618 2620 2670 2668 2619 2645 2669 2643 2644
634 9 dermis 0 2620 2622 2672 2670 2621 2647 2671 2645 2646
635 9 dermis 0 2622 2624 2674 2672 2623 2649 2673 2647 2648
636 9 dermis 0 2650 2652 2702 2700 2651 2677 2701 2675 2676
637 9 dermis 0 2652 2654 2704 2702 2653 2679 2703 2677 2678
638 9 dermis 0 2654 2656 2706 2704 2655 2681 2705 2679 2680
639 9 dermis 0 2656 2658 2708 2706 2657 2683 2707 2681 2682
640 9 dermis 0 2658 2660 2710 2708 2659 2685 2709 2683 2684
641 9 dermis 0 2660 2662 2712 2710 2661 2687 2711 2685 2686
642 9 dermis 0 2662 2664 2714 2712 2663 2689 2713 2687 2688
643 9 dermis 0 2664 2666 2716 2714 2665 2691 2715 2689 2690
644 9 dermis 0 2666 2668 2718 2716 2667 2693 2717 2691 2692
645 9 dermis 0 2668 2670 2720 2718 2669 2695 2719 2693 2694
646 9 dermis 0 2670 2672 2722 2720 2671 2697 2721 2695 2696
647 9 dermis 0 2672 2674 2724 2722 2673 2699 2723 2697 2698
648 9 dermis 0 2700 2702 2752 2750 2701 2727 2751 2725 2726
649 9 dermis 0 2702 2704 2754 2752 2703 2729 2753 2727 2728
650 9 dermis 0 2704 2706 2756 2754 2705 2731 2755 2729 2730
651 9 dermis 0 2706 2708 2758 2756 2707 2733 2757 2731 2732
652 9 dermis 0 2708 2710 2760 2758 2709 2735 2759 2733 2734
653 9 dermis 0 2710 2712 2762 2760 2711 2737 2761 2735 2736
654 9 dermis 0 2712 2714 2764 2762 2713 2739 2763 2737 2738
655 9 dermis 0 2714 2716 2766 2764 2715 2741 2765 2739 2740
656 9 dermis 0 2716 2718 2768 2766 2717 2743 2767 2741 2742
657 9 dermis 0 2718 2720 2770 2768 2719 2745 2769 2743 2744
658 9 dermis 0 2720 2722 2772 2770 2721 2747 2771 2745 2746
659 9 dermis 0 2722 2724 2774 2772 2723 2749 2773 2747 2748
660 9 dermis 0 2750 2752 2802 2800 2751 2777 2801 2775 2776
661 9 dermis 0 2752 2754 2804 2802 2753 2779 2803 2777 2778
662 9 dermis 0 2754 2756 2806 2804 2755 2781 2805 2779 2780
663 9 dermis 0 2756 2758 2808 2806 2757 2783 2807 2781 2782
664 9 dermis 0 2758 2760 2810 2808 2759 2785 2809 2783 2784
665 9 dermis 0 2760 2762 2812 2810 2761 2787 2811 2785 2786
666 9 dermis 0 2762 2764 2814 2812 2763 2789 2813 2787 2788
667 9 dermis 0 2764 2766 2816 2814 2765 2791 2815 2789 2790
668 9 dermis 0 2766 2768 2818 2816 2767 2793 2817 2791 2792
669 9 dermis 0 2768 2770 2820 2818 2769 2795 2819 2793 2794
670 9 dermis 0 2770 2772 2822 2820 2771 2797 2821 2795 2796
671 9 dermis 0 2772 2774 2824 2822 2773 2799 2823 2797 2798
672 9 dermis 0 2800 2802 2852 2850 2801 2827 2851 2825 2826
673 9 dermis 0 2802 2804 2854 2852 2803 2829 2853 2827 2828
674 9 dermis 0 2804 2806 2856 2854 2805 2831 2855 2829 2830
675 9 dermis 0 2806 2808 2858 2856 2807 2833 2857 2831 2832
676 9 dermis 0 2808 2810 2860 2858 2809 2835 2859 2833 2834
677 9 dermis 0 2810 2812 2862 2860 2811 2837 2861 2835 2836
678 9 dermis 0 2812 2814 2864 2862 2813 2839 2863 2837 2838
679 9 dermis 0 2814 2816 2866 2864 2815 2841 2865 2839 2840
680 9 dermis 0 2816 2818 2868 2866 2817 2843 2867 2841 2842
681 9 dermis 0 2818 2820 2870 2868 2819 2845 2869 2843 2844
682 9 dermis 0 2820 2822 2872 2870 2821 2847 2871 2845 2846
683 9 dermis 0 2822 2824 2874 2872 2823 2849 2873 2847 2848
684 9 dermis 0 2850 2852 2902 2900 2851 2877 2901 2875 2876
685 9 dermis 0 2852 2854 2904 2902 2853 2879 2903 2877 2878
686 9 dermis 0 2854 2856 2906 2904 2855 2881 2905 2879 2880
687 9 dermis 0 2856 2858 2908 2906 2857 2883 2907 2881 2882
688 9 dermis 0 2858 2860 2910 2908 2859 2885 2909 2883 2884
689 9 dermis 0 2860 2862 2912 2910 2861 2887 2911 2885 2886
690 9 dermis 0 2862 2864 2914 2912 2863 2889 2913 2887 2888
691 9 dermis 0 2864 2866 2916 2914 2865 2891 2915 2889 2890
692 9 dermis 0 2866 2868 2918 2916 2867 2893 2917 2891 2892
693 9 dermis 0 2868 2870 2920 2918 2869 2895 2919 2893 2894
694 9 dermis 0 2870 2872 2922 2920 2871 2897 2921 2895 2896
695 9 dermis 0 2872 2874 2924 2922 2873 2899 2923 2897 2898
696 9 dermis 0 2900 2902 2952 2950 2901 2927 2951 2925 2926
697 9 dermis 0 2902 2904 2954 2952 2903 2929 2953 2927 2928
698 9 dermis 0 2904 2906 2956 2954 2905 2931 2955 2929 2930
699 9 dermis 0 2906 2908 2958 2956 2907 2933 2957 2931 2932
700 9 dermis 0 2908 2910 2960 2958 2909 2935 2959 2933 2934
701 9 dermis 0 2910 2912 2962 2960 2911 2937 2961 2935 2936
702 9 dermis 0 2912 2914 2964 2962 2913 2939 2963 2937 2938
703 9 dermis 0 2914 2916 2966 2964 2915 2941 2965 2939 2940
704 9 dermis 0 2916 2918 2968 2966 2917 2943 2967 2941 2942
705 9 dermis 0 2918 2920 2970 2968 2919 2945 2969 2943 2944
706 9 dermis 0 2920 2922 2972 2970 2921 2947 2971 2945 2946
707 9 dermis 0 2922 2924 2974 2972 2923 2949 2973 2947 2948
708 9 dermis 0 2950 2952 3002 3000 2951 2977 3001 2975 2976
709 9 dermis 0 2952 2954 3004 3002 2953 2979 3003 2977 2978
710 9 dermis 0 2954 2956 3006 3004 2955 2981 3005 2979 2980
711 9 dermis 0 2956 2958 3008 3006 2957 2983 3007 2981 2982
712 9 dermis 0 2958 2960 3010 3008 2959 2985 3009 2983 2984
713 9 dermis 0 2960 2962 3012 3010 2961 2987 3011 2985 2986
714 9 dermis 0 2962 2964 3014 3012 2963 2989 3013 2987 2988
715 9 dermis 0 2964 2966 3016 3014 2965 2991 3015 2989 2990
716 9 dermis 0 2966 2968 3018 3016 2967 2993 3017 2991 2992
717 9 dermis 0 2968 2970 3020 3018 2969 2995 3019 2993 2994
718 9 dermis 0 2970 2972 3022 3020 2971 2997 3021 2995 2996
719 9 dermis 0 2972 2974 3024 3022 2973 2999 3023 2997 2998
720 9 dermis 0 3000 3002 3052 3050 3001 3027 3051 3025 3026
721 9 dermis 0 3002 3004 3054 3052 3003 3029 3053 3027 3028
722 9 dermis 0 3004 3006 3056 3054 3005 3031 3055 3029 3030
723 9 dermis 0 3006 3008 3058 3056 3007 3033 3057 3031 3032
724 9 dermis 0 3008 3010 3060 3058 3009 3035 3059 3033 3034
725 9 dermis 0 3010 3012 3062 3060 3011 3037 3061 3035 3036
726 9 dermis 0 3012 3014 3064 3062 3013 3039 3063 3037 3038
727 9 dermis 0 3014 3016 3066 3064 3015 3041 3065 3039 3040
728 9 dermis 0 3016 3018 3068 3066 3017 3043 3067 3041 3042
729 9 dermis 0 3018 3020 3070 3068 3019 3045 3069 3043 3044
730 9 dermis 0 3020 3022 3072 3070 3021 3047 3071 3045 3046
731 9 dermis 0 3022 3024 3074 3072 3023 3049 3073 3047 3048
732 9 dermis 0 3050 3052 3102 3100 3051 3077 3101 3075 3076
733 9 dermis 0 3052 3054 3104 3102 3053 3079 3103 3077 3078
734 9 dermis 0 3054 3056 3106 3104 3055 3081 3105 3079 3080
735 9 dermis 0 3056 3058 3108 3106 3057 3083 3107 3081 3082
736 9 dermis 0 3058 3060 3110 3108 3059 3085 3109 3083 3084
737 9 dermis 0 3060 3062 3112 3110 3061 3087 3111 3085 3086
738 9 dermis 0 3062 3064 3114 3112 3063 3089 3113 3087 3088
739 9 dermis 0 3064 3066 3116 3114 3065 3091 3115 3089 3090
740 9 dermis 0 3066 3068 3118 3116 3067 3093 3117 3091 3092
741 9 dermis 0 3068 3070 3120 3118 3069 3095 3119 3093 3094
742 9 dermis 0 3070 3072 3122 3120 3071 3097 3121 3095 3096
743 9 dermis 0 3072 3074 3124 3122 3073 3099 3123 3097 3098
744 9 dermis 0 3100 3102 3152 3150 3101 3127 3151 3125 3126
745 9 dermis 0 3102 3104 3154 3152 3103 3129 3153 3127 3128
746 9 dermis 0 3104 3106 3156 3154 3105 3131 3155 3129 3130
747 9 dermis 0 3106 3108 3158 3156 3107 3133 3157 3131 3132
748 9 dermis 0 3108 3110 3160 3158 3109 3135 3159 3133 3134
749 9 dermis 0 3110 3112 3162 3160 3111 3137 3161 3135 3136
750 9 dermis 0 3112 3114 3164 3162 3113 3139 3163 3137 3138
751 9 dermis 0 3114 3116 3166 3164 3115 3141 3165 3139 3140
752 9 dermis 0 3116 3118 3168 3166 3117 3143 3167 3141 3142
753 9 dermis 0 3118 3120 3170 3168 3119 3145 3169 3143 3144
754 9 dermis 0 3120 3122 3172 3170 3121 3147 3171 3145 3146
755 9 dermis 0 3122 3124 3174 3172 3123 3149 3173 3147 3148
756 9 dermis 0 3150 3152 3202 3200 3151 3177 3201 3175 3176
757 9 dermis 0 3152 3154 3204 3202 3153 3179 3203 3177 3178
758 9 dermis 0 3154 3156 3206 3204 3155 3181 3205 3179 3180
759 9 dermis 0 3156 3158 3208 3206 3157 3183 3207 3181 3182
760 9 dermis 0 3158 3160 3210 3208 3159 3185 3209 3183 3184
761 9 dermis 0 3160 3162 3212 3210 3161 3187 3211 3185 3186
762 9 dermis 0 3162 3164 3214 3212 3163 3189 3213 3187 3188
763 9 dermis 0 3164 3166 3216 3214 3165 3191 3215 3189 3190
764 9 dermis 0 3166 3168 3218 3216 3167 3193 3217 3191 3192
765 9 dermis 0 3168 3170 3220 3218 3169 3195 3219 3193 3194
766 9 dermis 0 3170 3172 3222 3220 3171 3197 3221 3195 3196
767 9 dermis 0 3172 3174 3224 3222 3173 3199 3223 3197 3198
768 9 epidermis 0 3200 3202 3252 3250 3201 3227 3251 3225 3226
769 9 epidermis 0 3202 3204 3254 3252 3203 3229 3253 3227 3228
770 9 epidermis 0 3204 3206 3256 3254 3205 3231 3255 3229 3230
771 9 epidermis 0 3206 3208 3258 3256 3207 3233 3257 3231 3232
772 9 epidermis 0 3208 3210 3260 3258 3209 3235 3259 3233 3234
773 9 epidermis 0 3210 3212 3262 3260 3211 3237 3261 3235 3236
774 9 epidermis 0 3212 3214 3264 3262 3213 3239 3263 3237 3238
775 9 epidermis 0 3214 3216 3266 3264 3215 3241 3265 3239 3240
776 9 epidermis 0 3216 3218 3268 3266 3217 3243 3267 3241 3242
777 9 epidermis 0 3218 3220 3270 3268 3219 3245 3269 3243 3244
778 9 epidermis 0 3220 3222 3272 3270 3221 3247 3271 3245 3246
779 9 epidermis 0 3222 3224 3274 3272 3223 3249 3273 3247 3248
780 9 epidermis 0 3250 3252 3302 3300 3251 3277 3301 3275 3276
781 9 epidermis 0 3252 3254 3304 3302 3253 3279 3303 3277 3278
782 9 epidermis 0 3254 3256 3306 3304 3255 3281 3305 3279 3280
783 9 epidermis 0 3256 3258 3308 3306 3257 3283 3307 3281 3282
784 9 epidermis 0 3258 3260 3310 3308 3259 3285 3309 3283 3284
785 9 epidermis 0 3260 3262 3312 3310 3261 3287 3311 3285 3286
786 9 epidermis 0 3262 3264 3314 3312 3263 3289 3313 3287 3288
787 9 epidermis 0 3264 3266 3316 3314 3265 3291 3315 3289 3290
788 9 epidermis 0 3266 3268 3318 3316 3267 3293 3317 3291 3292
789 9 epidermis 0 3268 3270 3320 3318 3269 3295 3319 3293 3294
790 9 epidermis 0 3270 3272 3322 3320 3271 3297 3321 3295 3296
791 9 epidermis 0 3272 3274 3324 3322 3273 3299 3323 3297 3298
792 9 epidermis 0 3300 3302 3352 3350 3301 3327 3351 3325 3326
793 9 epidermis 0 3302 3304 3354 3352 3303 3329 3353 3327 3328
794 9 epidermis 0 3304 3306 3356 3354 3305 3331 3355 3329 3330
795 9 epidermis 0 3306 3308 3358 3356 3307 3333 3357 3331 3332
796 9 epidermis 0 3308 3310 3360 3358 3309 3335 3359 3333 3334
797 9 epidermis 0 3310 3312 3362 3360 3311 3337 3361 3335 3336
798 9 epidermis 0 3312 3314 3364 3362 3313 3339 3363 3337 3338
799 9 epidermis 0 3314 3316 3366 3364 3315 3341 3365 3339 3340
800 9 epidermis 0 3316 3318 3368 3366 3317 3343 3367 3341 3342
801 9 epidermis 0 3318 3320 3370 3368 3319 3345 3369 3343 3344
802 9 epidermis 0 3320 3322 3372 3370 3321 3347 3371 3345 3346
803 9 epidermis 0 3322 3324 3374 3372 3323 3349 3373 3347 3348
804 9 epidermis 0 3350 3352 3402 3400 3351 3377 3401 3375 3376
805 9 epidermis 0 3352 3354 3404 3402 3353 3379 3403 3377 3378
806 9 epidermis 0 3354 3356 3406 3404 3355 3381 3405 3379 3380
807 9 epidermis 0 3356 3358 3408 3406 3357 3383 3407 3381 3382
808 9 epidermis 0 3358 3360 3410 3408 3359 3385 3409 3383 3384
809 9 epidermis 0 3360 3362 3412 3410 3361 3387 3411 3385 3386
810 9 epidermis 0 3362 3364 3414 3412 3363 3389 3413 3387 3388
811 9 epidermis 0 3364 3366 3416 3414 3365 3391 3415 3389 3390
812 9 epidermis 0 3366 3368 3418 3416 3367 3393 3417 3391 3392
813 9 epidermis 0 3368 3370 3420 3418 3369 3395 3419 3393 3394
814 9 epidermis 0 3370 3372 3422 3420 3371 3397 3421 3395 3396
815 9 epidermis 0 3372 3374 3424 3422 3373 3399 3423 3397 3398
NSET core 25
0 1 2 3 4 5 6 7 8 9 10 11 12 13 14 15 16 17 18 19 20 21 22 23 24
NSET surface 25
3400 3401 3402 3403 3404 3405 3406 3407 3408 3409 3410 3411 3412 3413 3414 3415 3416 3417 3418 3419 3420 3421 3422 3423 3424
